-14,14,HWRhmllSHz9lVJ4racB37/QTco4=,BsxTxzOVqM/bBmgogi0TUmKL+eA=
-14,15,HWRhmllSHz9lVJ4racB37/QTco4=,BsxTxzOVqM/bBmgogi0TUmKL+eA=
-14,13,HWRhmllSHz9lVJ4racB37/QTco4=,+HAtbmghhGrWIhik7tK8tQtb96E=
-16,14,HWRhmllSHz9lVJ4racB37/QTco4=,v28t7ZgZSFd3c8483NQMawTWeew=
-15,14,HWRhmllSHz9lVJ4racB37/QTco4=,v28t7ZgZSFd3c8483NQMawTWeew=
-16,15,HWRhmllSHz9lVJ4racB37/QTco4=,v28t7ZgZSFd3c8483NQMawTWeew=
-15,15,HWRhmllSHz9lVJ4racB37/QTco4=,v28t7ZgZSFd3c8483NQMawTWeew=
-16,13,HWRhmllSHz9lVJ4racB37/QTco4=,p1Zd2kxu5TlayjTQjUYiW0jHRNY=
-15,13,HWRhmllSHz9lVJ4racB37/QTco4=,p1Zd2kxu5TlayjTQjUYiW0jHRNY=
-13,15,HWRhmllSHz9lVJ4racB37/QTco4=,BsxTxzOVqM/bBmgogi0TUmKL+eA=
-10,15,HWRhmllSHz9lVJ4racB37/QTco4=,cpUYTT6jXadq25myrZeTwXhK9G8=
-13,14,HWRhmllSHz9lVJ4racB37/QTco4=,BsxTxzOVqM/bBmgogi0TUmKL+eA=
-11,15,HWRhmllSHz9lVJ4racB37/QTco4=,LOKUNTTNoKWX5x+dcpQn3/gIK1M=
-12,15,HWRhmllSHz9lVJ4racB37/QTco4=,LOKUNTTNoKWX5x+dcpQn3/gIK1M=
-13,13,HWRhmllSHz9lVJ4racB37/QTco4=,+HAtbmghhGrWIhik7tK8tQtb96E=
-12,13,HWRhmllSHz9lVJ4racB37/QTco4=,X0C53iJMLUci9n+HxTNaVUwdI8o=
-12,14,HWRhmllSHz9lVJ4racB37/QTco4=,LOKUNTTNoKWX5x+dcpQn3/gIK1M=
-10,13,2AEibkLVhN5tu8IQT1MOx2mwAlE=,axEBgF0CZ0iSXNZElFk/xalPg58=
-11,13,2AEibkLVhN5tu8IQT1MOx2mwAlE=,X0C53iJMLUci9n+HxTNaVUwdI8o=
-11,14,2AEibkLVhN5tu8IQT1MOx2mwAlE=,LOKUNTTNoKWX5x+dcpQn3/gIK1M=
-10,14,2AEibkLVhN5tu8IQT1MOx2mwAlE=,cpUYTT6jXadq25myrZeTwXhK9G8=
-9,13,2AEibkLVhN5tu8IQT1MOx2mwAlE=,axEBgF0CZ0iSXNZElFk/xalPg58=
-7,15,2AEibkLVhN5tu8IQT1MOx2mwAlE=,02t5nyxrjFOwNkBHfqv1d6OxHxM=
-8,13,2AEibkLVhN5tu8IQT1MOx2mwAlE=,17x5zsqKjbZxZsM38ed0ReQjVMs=
-6,15,2AEibkLVhN5tu8IQT1MOx2mwAlE=,mRoTH0n0JFkhu9f7Jbe82ybNaw4=
-8,15,2AEibkLVhN5tu8IQT1MOx2mwAlE=,02t5nyxrjFOwNkBHfqv1d6OxHxM=
-8,14,A7ali0zh8mg2CFYznfW7rBmMWnQ=,02t5nyxrjFOwNkBHfqv1d6OxHxM=
-9,15,A7ali0zh8mg2CFYznfW7rBmMWnQ=,cpUYTT6jXadq25myrZeTwXhK9G8=
-9,14,A7ali0zh8mg2CFYznfW7rBmMWnQ=,cpUYTT6jXadq25myrZeTwXhK9G8=
-6,13,A7ali0zh8mg2CFYznfW7rBmMWnQ=,I0FjMCSiouEoOSndDOrHq4rHggU=
-7,14,A7ali0zh8mg2CFYznfW7rBmMWnQ=,02t5nyxrjFOwNkBHfqv1d6OxHxM=
-6,14,A7ali0zh8mg2CFYznfW7rBmMWnQ=,mRoTH0n0JFkhu9f7Jbe82ybNaw4=
-7,13,A7ali0zh8mg2CFYznfW7rBmMWnQ=,17x5zsqKjbZxZsM38ed0ReQjVMs=
-1,15,j0ySqc49gm38IP3D+8tq0KibKsQ=,z3hTpQ/+9LUFjiaRFc8Q+mIblqI=
-2,15,j0ySqc49gm38IP3D+8tq0KibKsQ=,z3hTpQ/+9LUFjiaRFc8Q+mIblqI=
-1,13,j0ySqc49gm38IP3D+8tq0KibKsQ=,B81lqhoY+Wha5NfYR2NapACLGno=
-3,13,j0ySqc49gm38IP3D+8tq0KibKsQ=,BT5zR/aS/Ce7FNyStpkDVH/+l3s=
-3,15,j0ySqc49gm38IP3D+8tq0KibKsQ=,N49mYb+TZWho/AK1qVF8qCyEZvY=
-2,14,j0ySqc49gm38IP3D+8tq0KibKsQ=,z3hTpQ/+9LUFjiaRFc8Q+mIblqI=
-4,13,j0ySqc49gm38IP3D+8tq0KibKsQ=,BT5zR/aS/Ce7FNyStpkDVH/+l3s=
-1,14,j0ySqc49gm38IP3D+8tq0KibKsQ=,z3hTpQ/+9LUFjiaRFc8Q+mIblqI=
-4,15,j0ySqc49gm38IP3D+8tq0KibKsQ=,N49mYb+TZWho/AK1qVF8qCyEZvY=
-2,13,j0ySqc49gm38IP3D+8tq0KibKsQ=,B81lqhoY+Wha5NfYR2NapACLGno=
-1,12,j0ySqc49gm38IP3D+8tq0KibKsQ=,B81lqhoY+Wha5NfYR2NapACLGno=
-5,15,j0ySqc49gm38IP3D+8tq0KibKsQ=,mRoTH0n0JFkhu9f7Jbe82ybNaw4=
-5,13,j0ySqc49gm38IP3D+8tq0KibKsQ=,I0FjMCSiouEoOSndDOrHq4rHggU=
-1,11,j0ySqc49gm38IP3D+8tq0KibKsQ=,OnKE/jXJT61ywqPsRTglQ0QfD2s=
-3,14,j0ySqc49gm38IP3D+8tq0KibKsQ=,N49mYb+TZWho/AK1qVF8qCyEZvY=
-4,14,5vIqqR8XN60DILA/ffNNg0/s2TQ=,N49mYb+TZWho/AK1qVF8qCyEZvY=
-5,14,5vIqqR8XN60DILA/ffNNg0/s2TQ=,mRoTH0n0JFkhu9f7Jbe82ybNaw4=
-2,12,5vIqqR8XN60DILA/ffNNg0/s2TQ=,B81lqhoY+Wha5NfYR2NapACLGno=
-3,12,5vIqqR8XN60DILA/ffNNg0/s2TQ=,BT5zR/aS/Ce7FNyStpkDVH/+l3s=
-1,10,5vIqqR8XN60DILA/ffNNg0/s2TQ=,OnKE/jXJT61ywqPsRTglQ0QfD2s=
-2,11,5vIqqR8XN60DILA/ffNNg0/s2TQ=,OnKE/jXJT61ywqPsRTglQ0QfD2s=
-1,9,5vIqqR8XN60DILA/ffNNg0/s2TQ=,28F4bwZkJ5xk9oy8wbqZTAKy09g=
-1,8,5vIqqR8XN60DILA/ffNNg0/s2TQ=,28F4bwZkJ5xk9oy8wbqZTAKy09g=
-3,10,5vIqqR8XN60DILA/ffNNg0/s2TQ=,f2fO0AZx/E6x1uzcpGg2EndaasE=
-3,11,5vIqqR8XN60DILA/ffNNg0/s2TQ=,f2fO0AZx/E6x1uzcpGg2EndaasE=
-3,9,5vIqqR8XN60DILA/ffNNg0/s2TQ=,02t5nyxrjFOwNkBHfqv1d6OxHxM=
-1,7,5vIqqR8XN60DILA/ffNNg0/s2TQ=,UhRZTZDwVgJY//XKTLSx+JSo6I0=
-2,9,5vIqqR8XN60DILA/ffNNg0/s2TQ=,28F4bwZkJ5xk9oy8wbqZTAKy09g=
-2,10,5xpIShJiZCfSUX7oh66pZtz4K3E=,OnKE/jXJT61ywqPsRTglQ0QfD2s=
-3,7,5xpIShJiZCfSUX7oh66pZtz4K3E=,7NDydKYPXQHAme+AeXH4oaKTY5Y=
-3,8,5xpIShJiZCfSUX7oh66pZtz4K3E=,02t5nyxrjFOwNkBHfqv1d6OxHxM=
-2,7,5xpIShJiZCfSUX7oh66pZtz4K3E=,UhRZTZDwVgJY//XKTLSx+JSo6I0=
-2,8,Bxu55DYZIO0f3Ifd42AxmJIlJ74=,28F4bwZkJ5xk9oy8wbqZTAKy09g=
-4,6,Bxu55DYZIO0f3Ifd42AxmJIlJ74=,7NDydKYPXQHAme+AeXH4oaKTY5Y=
-5,6,Bxu55DYZIO0f3Ifd42AxmJIlJ74=,2uu45VEfL6RJg+asvrO2aOGXbUE=
-5,5,Bxu55DYZIO0f3Ifd42AxmJIlJ74=,Y6dXIR69e6jBpKvUx8lQ2WnIXUM=
-4,5,Bxu55DYZIO0f3Ifd42AxmJIlJ74=,w0//KPws9zlMV0XO2nGAYo20dAg=
-3,6,Bxu55DYZIO0f3Ifd42AxmJIlJ74=,7NDydKYPXQHAme+AeXH4oaKTY5Y=
-1,4,Bxu55DYZIO0f3Ifd42AxmJIlJ74=,e6Z30jj4bLQudQDxG1Y2CIMuB+o=
-1,5,Bxu55DYZIO0f3Ifd42AxmJIlJ74=,e6Z30jj4bLQudQDxG1Y2CIMuB+o=
-2,5,Bxu55DYZIO0f3Ifd42AxmJIlJ74=,e6Z30jj4bLQudQDxG1Y2CIMuB+o=
-1,0,Bxu55DYZIO0f3Ifd42AxmJIlJ74=,g811WI0iNOk45rkNrmESvq02FFQ=
-1,3,Bxu55DYZIO0f3Ifd42AxmJIlJ74=,HFpca/AzuFVZBjVMmSy9CjCNDJM=
-1,6,Bxu55DYZIO0f3Ifd42AxmJIlJ74=,UhRZTZDwVgJY//XKTLSx+JSo6I0=
-2,0,Bxu55DYZIO0f3Ifd42AxmJIlJ74=,g811WI0iNOk45rkNrmESvq02FFQ=
-1,1,Bxu55DYZIO0f3Ifd42AxmJIlJ74=,g811WI0iNOk45rkNrmESvq02FFQ=
-2,6,Bxu55DYZIO0f3Ifd42AxmJIlJ74=,UhRZTZDwVgJY//XKTLSx+JSo6I0=
-1,2,L7cLfojfyo/7HU6KBpX1DovnF3Y=,HFpca/AzuFVZBjVMmSy9CjCNDJM=
-3,0,L7cLfojfyo/7HU6KBpX1DovnF3Y=,7M2kILaGWubObEcdYHSjuhonaDQ=
-3,5,L7cLfojfyo/7HU6KBpX1DovnF3Y=,w0//KPws9zlMV0XO2nGAYo20dAg=
-2,4,L7cLfojfyo/7HU6KBpX1DovnF3Y=,e6Z30jj4bLQudQDxG1Y2CIMuB+o=
-2,1,L7cLfojfyo/7HU6KBpX1DovnF3Y=,g811WI0iNOk45rkNrmESvq02FFQ=
-3,3,L7cLfojfyo/7HU6KBpX1DovnF3Y=,wBevjg187/Tz3dK/RuB1/TgpHQg=
-2,3,L7cLfojfyo/7HU6KBpX1DovnF3Y=,HFpca/AzuFVZBjVMmSy9CjCNDJM=
-3,4,L7cLfojfyo/7HU6KBpX1DovnF3Y=,w0//KPws9zlMV0XO2nGAYo20dAg=
-3,2,L7cLfojfyo/7HU6KBpX1DovnF3Y=,wBevjg187/Tz3dK/RuB1/TgpHQg=
-3,1,L7cLfojfyo/7HU6KBpX1DovnF3Y=,7M2kILaGWubObEcdYHSjuhonaDQ=
-2,2,L7cLfojfyo/7HU6KBpX1DovnF3Y=,HFpca/AzuFVZBjVMmSy9CjCNDJM=
-5,4,LpuKRu8oaP98Y1DaqiuMvZcbFY8=,Y6dXIR69e6jBpKvUx8lQ2WnIXUM=
-5,3,LpuKRu8oaP98Y1DaqiuMvZcbFY8=,25otCoAjp74zWqzrQ6xt0keVlF0=
-5,2,LpuKRu8oaP98Y1DaqiuMvZcbFY8=,25otCoAjp74zWqzrQ6xt0keVlF0=
-7,0,LpuKRu8oaP98Y1DaqiuMvZcbFY8=,BlyKNyN9NtiEb1CS1JGLZ2hMeE8=
-4,4,LpuKRu8oaP98Y1DaqiuMvZcbFY8=,w0//KPws9zlMV0XO2nGAYo20dAg=
-4,1,LpuKRu8oaP98Y1DaqiuMvZcbFY8=,7M2kILaGWubObEcdYHSjuhonaDQ=
-6,0,LpuKRu8oaP98Y1DaqiuMvZcbFY8=,tKnjgtI4ccAWI3gBtCWBYkZXEHQ=
-7,1,LpuKRu8oaP98Y1DaqiuMvZcbFY8=,BlyKNyN9NtiEb1CS1JGLZ2hMeE8=
-4,0,LpuKRu8oaP98Y1DaqiuMvZcbFY8=,7M2kILaGWubObEcdYHSjuhonaDQ=
-7,2,LpuKRu8oaP98Y1DaqiuMvZcbFY8=,DjZKl67MwjYNnRO+7gEZJ7i4hns=
-4,3,LpuKRu8oaP98Y1DaqiuMvZcbFY8=,wBevjg187/Tz3dK/RuB1/TgpHQg=
-6,2,LpuKRu8oaP98Y1DaqiuMvZcbFY8=,25otCoAjp74zWqzrQ6xt0keVlF0=
-4,2,LpuKRu8oaP98Y1DaqiuMvZcbFY8=,wBevjg187/Tz3dK/RuB1/TgpHQg=
-5,1,LpuKRu8oaP98Y1DaqiuMvZcbFY8=,tKnjgtI4ccAWI3gBtCWBYkZXEHQ=
-6,1,LpuKRu8oaP98Y1DaqiuMvZcbFY8=,tKnjgtI4ccAWI3gBtCWBYkZXEHQ=
-9,0,LpuKRu8oaP98Y1DaqiuMvZcbFY8=,f2fO0AZx/E6x1uzcpGg2EndaasE=
-5,0,LpuKRu8oaP98Y1DaqiuMvZcbFY8=,tKnjgtI4ccAWI3gBtCWBYkZXEHQ=
-8,0,LpuKRu8oaP98Y1DaqiuMvZcbFY8=,BlyKNyN9NtiEb1CS1JGLZ2hMeE8=
-16,0,LpuKRu8oaP98Y1DaqiuMvZcbFY8=,5kI2WnIWZTSU8/sj2jFeezgyEr8=
-10,0,0kgQSBRHy2msmTltGtkYNAccSwk=,f2fO0AZx/E6x1uzcpGg2EndaasE=
-11,0,0kgQSBRHy2msmTltGtkYNAccSwk=,LUnvQ21yjIof+hykSw2MhjQmCzU=
-13,0,0kgQSBRHy2msmTltGtkYNAccSwk=,LL0rEUIcYby7VDBTWSHdzvaiovE=
-16,1,0kgQSBRHy2msmTltGtkYNAccSwk=,5kI2WnIWZTSU8/sj2jFeezgyEr8=
-16,2,0kgQSBRHy2msmTltGtkYNAccSwk=,LDXAfWu3/9P2IDREfcX/4yKxKu0=
-14,0,0kgQSBRHy2msmTltGtkYNAccSwk=,LL0rEUIcYby7VDBTWSHdzvaiovE=
-15,0,0kgQSBRHy2msmTltGtkYNAccSwk=,5kI2WnIWZTSU8/sj2jFeezgyEr8=
-12,0,0kgQSBRHy2msmTltGtkYNAccSwk=,LUnvQ21yjIof+hykSw2MhjQmCzU=
-15,1,0kgQSBRHy2msmTltGtkYNAccSwk=,5kI2WnIWZTSU8/sj2jFeezgyEr8=
-15,2,0kgQSBRHy2msmTltGtkYNAccSwk=,LDXAfWu3/9P2IDREfcX/4yKxKu0=
-14,1,0kgQSBRHy2msmTltGtkYNAccSwk=,LL0rEUIcYby7VDBTWSHdzvaiovE=
-14,2,0kgQSBRHy2msmTltGtkYNAccSwk=,X0C53iJMLUci9n+HxTNaVUwdI8o=
-12,1,tLMvRkNh8ZzJpDO/Kytp6ZPJk/0=,LUnvQ21yjIof+hykSw2MhjQmCzU=
-12,2,tLMvRkNh8ZzJpDO/Kytp6ZPJk/0=,NybG6q8IyY05sZjRzX0p6Mr7dps=
-13,1,tLMvRkNh8ZzJpDO/Kytp6ZPJk/0=,LL0rEUIcYby7VDBTWSHdzvaiovE=
-13,2,tLMvRkNh8ZzJpDO/Kytp6ZPJk/0=,X0C53iJMLUci9n+HxTNaVUwdI8o=
-16,4,tLMvRkNh8ZzJpDO/Kytp6ZPJk/0=,W03cXqfUyjLwaWtEsMx/ER7fB+k=
-16,3,tLMvRkNh8ZzJpDO/Kytp6ZPJk/0=,LDXAfWu3/9P2IDREfcX/4yKxKu0=
-14,4,tLMvRkNh8ZzJpDO/Kytp6ZPJk/0=,XT2AGGdNJK+mk/cO2+fA17bofNY=
-12,3,tLMvRkNh8ZzJpDO/Kytp6ZPJk/0=,NybG6q8IyY05sZjRzX0p6Mr7dps=
-15,3,tLMvRkNh8ZzJpDO/Kytp6ZPJk/0=,LDXAfWu3/9P2IDREfcX/4yKxKu0=
-13,4,tLMvRkNh8ZzJpDO/Kytp6ZPJk/0=,XT2AGGdNJK+mk/cO2+fA17bofNY=
-15,4,tLMvRkNh8ZzJpDO/Kytp6ZPJk/0=,W03cXqfUyjLwaWtEsMx/ER7fB+k=
-13,3,tLMvRkNh8ZzJpDO/Kytp6ZPJk/0=,X0C53iJMLUci9n+HxTNaVUwdI8o=
-14,3,1ACOBN2qTml/oXApZWocKhZmj3Q=,X0C53iJMLUci9n+HxTNaVUwdI8o=
-12,4,1ACOBN2qTml/oXApZWocKhZmj3Q=,X0C53iJMLUci9n+HxTNaVUwdI8o=
-16,5,1ACOBN2qTml/oXApZWocKhZmj3Q=,W03cXqfUyjLwaWtEsMx/ER7fB+k=
-16,6,1ACOBN2qTml/oXApZWocKhZmj3Q=,P9CCge2pNSr22vE6wDHsRPwsJHo=
-16,12,1ACOBN2qTml/oXApZWocKhZmj3Q=,p1Zd2kxu5TlayjTQjUYiW0jHRNY=
-16,11,1ACOBN2qTml/oXApZWocKhZmj3Q=,l2SKy1SGS1vuyeH6tbodckbF0b4=
-16,7,1ACOBN2qTml/oXApZWocKhZmj3Q=,P9CCge2pNSr22vE6wDHsRPwsJHo=
-16,8,1ACOBN2qTml/oXApZWocKhZmj3Q=,tdd9wKtrZm+7lmV18cPdVAyla9g=
-16,9,1ACOBN2qTml/oXApZWocKhZmj3Q=,tdd9wKtrZm+7lmV18cPdVAyla9g=
-16,10,1ACOBN2qTml/oXApZWocKhZmj3Q=,l2SKy1SGS1vuyeH6tbodckbF0b4=
-14,5,1ACOBN2qTml/oXApZWocKhZmj3Q=,XT2AGGdNJK+mk/cO2+fA17bofNY=
-14,6,1ACOBN2qTml/oXApZWocKhZmj3Q=,Us4pYqzrZefXijzzaJYstPooUEg=
-15,5,1ACOBN2qTml/oXApZWocKhZmj3Q=,W03cXqfUyjLwaWtEsMx/ER7fB+k=
-15,6,jo4cQB6u9M2a6xyooOLQJY5DnJo=,P9CCge2pNSr22vE6wDHsRPwsJHo=
-14,12,jo4cQB6u9M2a6xyooOLQJY5DnJo=,+HAtbmghhGrWIhik7tK8tQtb96E=
-14,7,jo4cQB6u9M2a6xyooOLQJY5DnJo=,Us4pYqzrZefXijzzaJYstPooUEg=
-14,11,jo4cQB6u9M2a6xyooOLQJY5DnJo=,QoHHdJDd93J1bnyj3ZQfNZL/vWI=
-14,10,jo4cQB6u9M2a6xyooOLQJY5DnJo=,QoHHdJDd93J1bnyj3ZQfNZL/vWI=
-15,7,jo4cQB6u9M2a6xyooOLQJY5DnJo=,P9CCge2pNSr22vE6wDHsRPwsJHo=
-15,12,jo4cQB6u9M2a6xyooOLQJY5DnJo=,p1Zd2kxu5TlayjTQjUYiW0jHRNY=
-15,11,jo4cQB6u9M2a6xyooOLQJY5DnJo=,l2SKy1SGS1vuyeH6tbodckbF0b4=
-14,9,jo4cQB6u9M2a6xyooOLQJY5DnJo=,8He17JM6NPP6DJBPJdBFU2w7vvc=
-14,8,jo4cQB6u9M2a6xyooOLQJY5DnJo=,8He17JM6NPP6DJBPJdBFU2w7vvc=
-15,8,jo4cQB6u9M2a6xyooOLQJY5DnJo=,tdd9wKtrZm+7lmV18cPdVAyla9g=
-15,9,jo4cQB6u9M2a6xyooOLQJY5DnJo=,tdd9wKtrZm+7lmV18cPdVAyla9g=
-15,10,jo4cQB6u9M2a6xyooOLQJY5DnJo=,l2SKy1SGS1vuyeH6tbodckbF0b4=
-12,5,jo4cQB6u9M2a6xyooOLQJY5DnJo=,X0C53iJMLUci9n+HxTNaVUwdI8o=
-13,6,jo4cQB6u9M2a6xyooOLQJY5DnJo=,Us4pYqzrZefXijzzaJYstPooUEg=
-12,6,jo4cQB6u9M2a6xyooOLQJY5DnJo=,BIfHaihuvF5twZHVuoNf8EXNaWE=
-13,5,jo4cQB6u9M2a6xyooOLQJY5DnJo=,XT2AGGdNJK+mk/cO2+fA17bofNY=
-12,7,jo4cQB6u9M2a6xyooOLQJY5DnJo=,BIfHaihuvF5twZHVuoNf8EXNaWE=
-13,7,jo4cQB6u9M2a6xyooOLQJY5DnJo=,Us4pYqzrZefXijzzaJYstPooUEg=
-12,8,v81cLc5fZDaE8csWcWfKvIFQ6yo=,nC2H7P1aojlMmBA/BFyyEp0it7w=
-13,8,v81cLc5fZDaE8csWcWfKvIFQ6yo=,8He17JM6NPP6DJBPJdBFU2w7vvc=
-10,8,v81cLc5fZDaE8csWcWfKvIFQ6yo=,QPKh0/ZBko5+DcRfYawdnCrRbsE=
-11,8,v81cLc5fZDaE8csWcWfKvIFQ6yo=,nC2H7P1aojlMmBA/BFyyEp0it7w=
-11,5,v81cLc5fZDaE8csWcWfKvIFQ6yo=,X0C53iJMLUci9n+HxTNaVUwdI8o=
-11,7,v81cLc5fZDaE8csWcWfKvIFQ6yo=,BIfHaihuvF5twZHVuoNf8EXNaWE=
-10,5,v81cLc5fZDaE8csWcWfKvIFQ6yo=,s7lUJa1YQsM+8rFH11Aeh1DvkoE=
-11,1,v81cLc5fZDaE8csWcWfKvIFQ6yo=,LUnvQ21yjIof+hykSw2MhjQmCzU=
-10,7,v81cLc5fZDaE8csWcWfKvIFQ6yo=,l2SKy1SGS1vuyeH6tbodckbF0b4=
-7,4,v81cLc5fZDaE8csWcWfKvIFQ6yo=,UF1AZUm1JEXx2dWJsp4h8cfeXIU=
-11,6,v81cLc5fZDaE8csWcWfKvIFQ6yo=,BIfHaihuvF5twZHVuoNf8EXNaWE=
-11,3,v81cLc5fZDaE8csWcWfKvIFQ6yo=,NybG6q8IyY05sZjRzX0p6Mr7dps=
-8,4,v81cLc5fZDaE8csWcWfKvIFQ6yo=,UF1AZUm1JEXx2dWJsp4h8cfeXIU=
-10,6,v81cLc5fZDaE8csWcWfKvIFQ6yo=,l2SKy1SGS1vuyeH6tbodckbF0b4=
-9,1,v81cLc5fZDaE8csWcWfKvIFQ6yo=,f2fO0AZx/E6x1uzcpGg2EndaasE=
-6,4,v81cLc5fZDaE8csWcWfKvIFQ6yo=,Y6dXIR69e6jBpKvUx8lQ2WnIXUM=
-10,3,v81cLc5fZDaE8csWcWfKvIFQ6yo=,zifRroZ/5p1izbRavq/En7s18yQ=
-9,3,v81cLc5fZDaE8csWcWfKvIFQ6yo=,zifRroZ/5p1izbRavq/En7s18yQ=
-9,2,v81cLc5fZDaE8csWcWfKvIFQ6yo=,zifRroZ/5p1izbRavq/En7s18yQ=
-6,3,v81cLc5fZDaE8csWcWfKvIFQ6yo=,25otCoAjp74zWqzrQ6xt0keVlF0=
-9,4,v81cLc5fZDaE8csWcWfKvIFQ6yo=,s7lUJa1YQsM+8rFH11Aeh1DvkoE=
-10,2,v81cLc5fZDaE8csWcWfKvIFQ6yo=,zifRroZ/5p1izbRavq/En7s18yQ=
-7,3,dvge1DhzVdCZL3z0xdm9G07t+BU=,DjZKl67MwjYNnRO+7gEZJ7i4hns=
-10,1,dvge1DhzVdCZL3z0xdm9G07t+BU=,f2fO0AZx/E6x1uzcpGg2EndaasE=
-11,2,dvge1DhzVdCZL3z0xdm9G07t+BU=,NybG6q8IyY05sZjRzX0p6Mr7dps=
-8,3,dvge1DhzVdCZL3z0xdm9G07t+BU=,DjZKl67MwjYNnRO+7gEZJ7i4hns=
-11,4,dvge1DhzVdCZL3z0xdm9G07t+BU=,X0C53iJMLUci9n+HxTNaVUwdI8o=
-7,5,dvge1DhzVdCZL3z0xdm9G07t+BU=,UF1AZUm1JEXx2dWJsp4h8cfeXIU=
-8,1,dvge1DhzVdCZL3z0xdm9G07t+BU=,BlyKNyN9NtiEb1CS1JGLZ2hMeE8=
-9,5,dvge1DhzVdCZL3z0xdm9G07t+BU=,s7lUJa1YQsM+8rFH11Aeh1DvkoE=
-10,4,dvge1DhzVdCZL3z0xdm9G07t+BU=,s7lUJa1YQsM+8rFH11Aeh1DvkoE=
-9,8,dvge1DhzVdCZL3z0xdm9G07t+BU=,QPKh0/ZBko5+DcRfYawdnCrRbsE=
-7,6,dvge1DhzVdCZL3z0xdm9G07t+BU=,W03cXqfUyjLwaWtEsMx/ER7fB+k=
-8,2,dvge1DhzVdCZL3z0xdm9G07t+BU=,DjZKl67MwjYNnRO+7gEZJ7i4hns=
-8,7,dvge1DhzVdCZL3z0xdm9G07t+BU=,W03cXqfUyjLwaWtEsMx/ER7fB+k=
-8,6,dvge1DhzVdCZL3z0xdm9G07t+BU=,W03cXqfUyjLwaWtEsMx/ER7fB+k=
-8,8,dvge1DhzVdCZL3z0xdm9G07t+BU=,TDL1wEFhKpFdaJ33g5lefBCse0Q=
-8,5,dvge1DhzVdCZL3z0xdm9G07t+BU=,UF1AZUm1JEXx2dWJsp4h8cfeXIU=
-6,5,dvge1DhzVdCZL3z0xdm9G07t+BU=,Y6dXIR69e6jBpKvUx8lQ2WnIXUM=
-9,7,dvge1DhzVdCZL3z0xdm9G07t+BU=,l2SKy1SGS1vuyeH6tbodckbF0b4=
-6,6,dvge1DhzVdCZL3z0xdm9G07t+BU=,2uu45VEfL6RJg+asvrO2aOGXbUE=
-9,6,wW3L5MqP47plxcwRYruqO32a1ek=,l2SKy1SGS1vuyeH6tbodckbF0b4=
-9,11,wW3L5MqP47plxcwRYruqO32a1ek=,WrianOhSbo2r7ENLxuLgIK0whuU=
-8,9,wW3L5MqP47plxcwRYruqO32a1ek=,TDL1wEFhKpFdaJ33g5lefBCse0Q=
-6,12,wW3L5MqP47plxcwRYruqO32a1ek=,I0FjMCSiouEoOSndDOrHq4rHggU=
-7,12,wW3L5MqP47plxcwRYruqO32a1ek=,17x5zsqKjbZxZsM38ed0ReQjVMs=
-9,9,wW3L5MqP47plxcwRYruqO32a1ek=,QPKh0/ZBko5+DcRfYawdnCrRbsE=
-4,12,wW3L5MqP47plxcwRYruqO32a1ek=,BT5zR/aS/Ce7FNyStpkDVH/+l3s=
-9,12,wW3L5MqP47plxcwRYruqO32a1ek=,axEBgF0CZ0iSXNZElFk/xalPg58=
-4,10,wW3L5MqP47plxcwRYruqO32a1ek=,f2fO0AZx/E6x1uzcpGg2EndaasE=
-12,12,wW3L5MqP47plxcwRYruqO32a1ek=,X0C53iJMLUci9n+HxTNaVUwdI8o=
-8,12,wW3L5MqP47plxcwRYruqO32a1ek=,17x5zsqKjbZxZsM38ed0ReQjVMs=
-4,9,wW3L5MqP47plxcwRYruqO32a1ek=,02t5nyxrjFOwNkBHfqv1d6OxHxM=
-7,11,wW3L5MqP47plxcwRYruqO32a1ek=,eo6T08UxHUwPI43aelOLhJDkOf8=
-10,9,wW3L5MqP47plxcwRYruqO32a1ek=,QPKh0/ZBko5+DcRfYawdnCrRbsE=
-8,11,wW3L5MqP47plxcwRYruqO32a1ek=,eo6T08UxHUwPI43aelOLhJDkOf8=
-6,11,wW3L5MqP47plxcwRYruqO32a1ek=,07NT8L6FXQKeh9lr0gmBTKkNoPw=
-6,7,wW3L5MqP47plxcwRYruqO32a1ek=,2uu45VEfL6RJg+asvrO2aOGXbUE=
-12,9,wW3L5MqP47plxcwRYruqO32a1ek=,nC2H7P1aojlMmBA/BFyyEp0it7w=
-5,12,wW3L5MqP47plxcwRYruqO32a1ek=,I0FjMCSiouEoOSndDOrHq4rHggU=
-7,7,wW3L5MqP47plxcwRYruqO32a1ek=,W03cXqfUyjLwaWtEsMx/ER7fB+k=
-8,10,wW3L5MqP47plxcwRYruqO32a1ek=,eo6T08UxHUwPI43aelOLhJDkOf8=
-13,11,wW3L5MqP47plxcwRYruqO32a1ek=,QoHHdJDd93J1bnyj3ZQfNZL/vWI=
-6,10,wW3L5MqP47plxcwRYruqO32a1ek=,07NT8L6FXQKeh9lr0gmBTKkNoPw=
-9,10,wW3L5MqP47plxcwRYruqO32a1ek=,WrianOhSbo2r7ENLxuLgIK0whuU=
-5,11,wW3L5MqP47plxcwRYruqO32a1ek=,07NT8L6FXQKeh9lr0gmBTKkNoPw=
-10,12,wW3L5MqP47plxcwRYruqO32a1ek=,axEBgF0CZ0iSXNZElFk/xalPg58=
-7,10,wW3L5MqP47plxcwRYruqO32a1ek=,eo6T08UxHUwPI43aelOLhJDkOf8=
-4,11,wW3L5MqP47plxcwRYruqO32a1ek=,f2fO0AZx/E6x1uzcpGg2EndaasE=
-13,10,wW3L5MqP47plxcwRYruqO32a1ek=,QoHHdJDd93J1bnyj3ZQfNZL/vWI=
-7,8,wW3L5MqP47plxcwRYruqO32a1ek=,TDL1wEFhKpFdaJ33g5lefBCse0Q=
-11,10,wW3L5MqP47plxcwRYruqO32a1ek=,9tr9Y/9ucxFub0ov6YWUz7N6cP8=
-12,10,wW3L5MqP47plxcwRYruqO32a1ek=,9tr9Y/9ucxFub0ov6YWUz7N6cP8=
-5,9,wW3L5MqP47plxcwRYruqO32a1ek=,Z8sglraV8RaXlNav30fE4KZmihg=
-11,9,A0DOGi/oRpWIHyDQigwcXOIPHTk=,nC2H7P1aojlMmBA/BFyyEp0it7w=
-5,7,A0DOGi/oRpWIHyDQigwcXOIPHTk=,2uu45VEfL6RJg+asvrO2aOGXbUE=
-5,8,A0DOGi/oRpWIHyDQigwcXOIPHTk=,Z8sglraV8RaXlNav30fE4KZmihg=
-13,12,A0DOGi/oRpWIHyDQigwcXOIPHTk=,+HAtbmghhGrWIhik7tK8tQtb96E=
-6,9,A0DOGi/oRpWIHyDQigwcXOIPHTk=,Z8sglraV8RaXlNav30fE4KZmihg=
-10,11,A0DOGi/oRpWIHyDQigwcXOIPHTk=,WrianOhSbo2r7ENLxuLgIK0whuU=
-6,8,A0DOGi/oRpWIHyDQigwcXOIPHTk=,Z8sglraV8RaXlNav30fE4KZmihg=
-10,10,A0DOGi/oRpWIHyDQigwcXOIPHTk=,WrianOhSbo2r7ENLxuLgIK0whuU=
-11,11,A0DOGi/oRpWIHyDQigwcXOIPHTk=,9tr9Y/9ucxFub0ov6YWUz7N6cP8=
-7,9,A0DOGi/oRpWIHyDQigwcXOIPHTk=,TDL1wEFhKpFdaJ33g5lefBCse0Q=
-12,11,A0DOGi/oRpWIHyDQigwcXOIPHTk=,9tr9Y/9ucxFub0ov6YWUz7N6cP8=
-4,7,A0DOGi/oRpWIHyDQigwcXOIPHTk=,7NDydKYPXQHAme+AeXH4oaKTY5Y=
-11,12,A0DOGi/oRpWIHyDQigwcXOIPHTk=,X0C53iJMLUci9n+HxTNaVUwdI8o=
-5,10,A0DOGi/oRpWIHyDQigwcXOIPHTk=,07NT8L6FXQKeh9lr0gmBTKkNoPw=
-13,9,A0DOGi/oRpWIHyDQigwcXOIPHTk=,8He17JM6NPP6DJBPJdBFU2w7vvc=
-4,8,A0DOGi/oRpWIHyDQigwcXOIPHTk=,02t5nyxrjFOwNkBHfqv1d6OxHxM=
-7,27,mfWHHCtOV2DQUibvnCtCNaYrSRs=,jXE3TzT4FkCS+ZC4Rki371Dptm0=
-8,27,mfWHHCtOV2DQUibvnCtCNaYrSRs=,jXE3TzT4FkCS+ZC4Rki371Dptm0=
-6,31,lCOTPvUZN2+MrwJ+8tyzWhbHWQ4=,h9HE73c++XrLMbDhY9j6w6/ux1Y=
-6,30,lCOTPvUZN2+MrwJ+8tyzWhbHWQ4=,h9HE73c++XrLMbDhY9j6w6/ux1Y=
-7,30,lCOTPvUZN2+MrwJ+8tyzWhbHWQ4=,zuiPKk+evhi+Bx8wkSEvkypVu0A=
-7,31,lCOTPvUZN2+MrwJ+8tyzWhbHWQ4=,zuiPKk+evhi+Bx8wkSEvkypVu0A=
-5,31,lCOTPvUZN2+MrwJ+8tyzWhbHWQ4=,h9HE73c++XrLMbDhY9j6w6/ux1Y=
-5,30,lCOTPvUZN2+MrwJ+8tyzWhbHWQ4=,h9HE73c++XrLMbDhY9j6w6/ux1Y=
-8,30,lCOTPvUZN2+MrwJ+8tyzWhbHWQ4=,zuiPKk+evhi+Bx8wkSEvkypVu0A=
-9,31,lCOTPvUZN2+MrwJ+8tyzWhbHWQ4=,YcATqveDBURPZhcG1S5EilkWGSE=
-4,31,lCOTPvUZN2+MrwJ+8tyzWhbHWQ4=,SAIfR5yJPo6Qm8zU13W92LSfSEg=
-4,30,lCOTPvUZN2+MrwJ+8tyzWhbHWQ4=,SAIfR5yJPo6Qm8zU13W92LSfSEg=
-10,31,lCOTPvUZN2+MrwJ+8tyzWhbHWQ4=,YcATqveDBURPZhcG1S5EilkWGSE=
-4,27,lCOTPvUZN2+MrwJ+8tyzWhbHWQ4=,btR+sod88w/9ZPyiDwXuSTBqY5U=
-11,31,lCOTPvUZN2+MrwJ+8tyzWhbHWQ4=,kbCZKMKBP9BFJsWI/Q+ZlZ8LzDI=
-8,31,lCOTPvUZN2+MrwJ+8tyzWhbHWQ4=,zuiPKk+evhi+Bx8wkSEvkypVu0A=
-9,30,lCOTPvUZN2+MrwJ+8tyzWhbHWQ4=,YcATqveDBURPZhcG1S5EilkWGSE=
-11,30,lCOTPvUZN2+MrwJ+8tyzWhbHWQ4=,kbCZKMKBP9BFJsWI/Q+ZlZ8LzDI=
-10,30,lCOTPvUZN2+MrwJ+8tyzWhbHWQ4=,YcATqveDBURPZhcG1S5EilkWGSE=
-2,29,lCOTPvUZN2+MrwJ+8tyzWhbHWQ4=,6FONUjNFWTfwk5x8jRdPYq4vyO4=
-1,30,lCOTPvUZN2+MrwJ+8tyzWhbHWQ4=,6mhxtPpRZ7oRWXUGQmbu5T7Ow7A=
-2,30,lCOTPvUZN2+MrwJ+8tyzWhbHWQ4=,6mhxtPpRZ7oRWXUGQmbu5T7Ow7A=
-3,31,+W1glFCK+eYy+i5kdk85ECDEsAA=,SAIfR5yJPo6Qm8zU13W92LSfSEg=
-2,28,+W1glFCK+eYy+i5kdk85ECDEsAA=,6FONUjNFWTfwk5x8jRdPYq4vyO4=
-1,29,+W1glFCK+eYy+i5kdk85ECDEsAA=,6FONUjNFWTfwk5x8jRdPYq4vyO4=
-1,27,+W1glFCK+eYy+i5kdk85ECDEsAA=,Ato/j27/O3R+XiFgRNWcVb3um8w=
-1,28,+W1glFCK+eYy+i5kdk85ECDEsAA=,6FONUjNFWTfwk5x8jRdPYq4vyO4=
-1,25,+W1glFCK+eYy+i5kdk85ECDEsAA=,DcfZqF2RvXcSX31feAZov9X5EhA=
-1,24,+W1glFCK+eYy+i5kdk85ECDEsAA=,DcfZqF2RvXcSX31feAZov9X5EhA=
-1,31,+W1glFCK+eYy+i5kdk85ECDEsAA=,6mhxtPpRZ7oRWXUGQmbu5T7Ow7A=
-3,27,+W1glFCK+eYy+i5kdk85ECDEsAA=,btR+sod88w/9ZPyiDwXuSTBqY5U=
-2,25,+W1glFCK+eYy+i5kdk85ECDEsAA=,DcfZqF2RvXcSX31feAZov9X5EhA=
-2,27,+W1glFCK+eYy+i5kdk85ECDEsAA=,Ato/j27/O3R+XiFgRNWcVb3um8w=
-3,26,+W1glFCK+eYy+i5kdk85ECDEsAA=,btR+sod88w/9ZPyiDwXuSTBqY5U=
-2,31,+W1glFCK+eYy+i5kdk85ECDEsAA=,6mhxtPpRZ7oRWXUGQmbu5T7Ow7A=
-1,23,+W1glFCK+eYy+i5kdk85ECDEsAA=,gtnRI3/UXv9Qtwe9C1b649qEx1w=
-3,23,+W1glFCK+eYy+i5kdk85ECDEsAA=,iXpMn14eSyTOsPyyWlhnSkBK8cs=
-1,26,+W1glFCK+eYy+i5kdk85ECDEsAA=,Ato/j27/O3R+XiFgRNWcVb3um8w=
-3,30,+W1glFCK+eYy+i5kdk85ECDEsAA=,SAIfR5yJPo6Qm8zU13W92LSfSEg=
-2,23,+W1glFCK+eYy+i5kdk85ECDEsAA=,gtnRI3/UXv9Qtwe9C1b649qEx1w=
-2,26,+W1glFCK+eYy+i5kdk85ECDEsAA=,Ato/j27/O3R+XiFgRNWcVb3um8w=
-2,24,+W1glFCK+eYy+i5kdk85ECDEsAA=,DcfZqF2RvXcSX31feAZov9X5EhA=
-1,20,PdCt/tyPLT4oTRj5bnVcAvixGFM=,y8xu8njUD07Awc0LThAOGQWvxbo=
-2,20,PdCt/tyPLT4oTRj5bnVcAvixGFM=,y8xu8njUD07Awc0LThAOGQWvxbo=
-2,19,PdCt/tyPLT4oTRj5bnVcAvixGFM=,3HhUfOtDM9RKPiKLNUu8HcIauSA=
-1,21,PdCt/tyPLT4oTRj5bnVcAvixGFM=,y8xu8njUD07Awc0LThAOGQWvxbo=
-3,19,PdCt/tyPLT4oTRj5bnVcAvixGFM=,uCVqr2tNVG36jDZweVpNl7DLzE4=
-3,22,PdCt/tyPLT4oTRj5bnVcAvixGFM=,iXpMn14eSyTOsPyyWlhnSkBK8cs=
-2,21,PdCt/tyPLT4oTRj5bnVcAvixGFM=,y8xu8njUD07Awc0LThAOGQWvxbo=
-1,22,PdCt/tyPLT4oTRj5bnVcAvixGFM=,gtnRI3/UXv9Qtwe9C1b649qEx1w=
-1,16,PdCt/tyPLT4oTRj5bnVcAvixGFM=,t/9EjvHZRYIFBMdX+xh2Bus1Hh4=
-1,19,PdCt/tyPLT4oTRj5bnVcAvixGFM=,3HhUfOtDM9RKPiKLNUu8HcIauSA=
-2,17,PdCt/tyPLT4oTRj5bnVcAvixGFM=,t/9EjvHZRYIFBMdX+xh2Bus1Hh4=
-2,22,PdCt/tyPLT4oTRj5bnVcAvixGFM=,gtnRI3/UXv9Qtwe9C1b649qEx1w=
-3,18,PdCt/tyPLT4oTRj5bnVcAvixGFM=,uCVqr2tNVG36jDZweVpNl7DLzE4=
-1,18,PdCt/tyPLT4oTRj5bnVcAvixGFM=,3HhUfOtDM9RKPiKLNUu8HcIauSA=
-2,16,PdCt/tyPLT4oTRj5bnVcAvixGFM=,t/9EjvHZRYIFBMdX+xh2Bus1Hh4=
-3,16,PdCt/tyPLT4oTRj5bnVcAvixGFM=,7mO/oa8oV570qui5WiryVvOpOGc=
-1,17,PdCt/tyPLT4oTRj5bnVcAvixGFM=,t/9EjvHZRYIFBMdX+xh2Bus1Hh4=
-3,17,PdCt/tyPLT4oTRj5bnVcAvixGFM=,7mO/oa8oV570qui5WiryVvOpOGc=
-2,18,PdCt/tyPLT4oTRj5bnVcAvixGFM=,3HhUfOtDM9RKPiKLNUu8HcIauSA=
-4,16,PdCt/tyPLT4oTRj5bnVcAvixGFM=,7mO/oa8oV570qui5WiryVvOpOGc=
-5,16,ET3xFSmP/ciuYbDmtrCkZq2oiD4=,hyklaar+kOMQKsX8dc6jAMLv4KM=
-7,16,ET3xFSmP/ciuYbDmtrCkZq2oiD4=,G0iMYsij8Chc4K56S6hUzYRTPN0=
-6,16,ET3xFSmP/ciuYbDmtrCkZq2oiD4=,hyklaar+kOMQKsX8dc6jAMLv4KM=
-8,16,ET3xFSmP/ciuYbDmtrCkZq2oiD4=,G0iMYsij8Chc4K56S6hUzYRTPN0=
-10,16,ET3xFSmP/ciuYbDmtrCkZq2oiD4=,+E/ojjSqok5UIHB55aIr+oj3ZsE=
-12,16,ET3xFSmP/ciuYbDmtrCkZq2oiD4=,30Xie9cicQXXqR1mc6kAOD1D9mQ=
-9,16,ET3xFSmP/ciuYbDmtrCkZq2oiD4=,+E/ojjSqok5UIHB55aIr+oj3ZsE=
-13,16,/p3k1ra48k5RM2iyd/gEh/mRm60=,D6eIXyFDZElq0oeZFn1Ns6zcrU8=
-11,16,/p3k1ra48k5RM2iyd/gEh/mRm60=,30Xie9cicQXXqR1mc6kAOD1D9mQ=
-14,16,/p3k1ra48k5RM2iyd/gEh/mRm60=,D6eIXyFDZElq0oeZFn1Ns6zcrU8=
-16,18,/p3k1ra48k5RM2iyd/gEh/mRm60=,rVUZJfr1TfFwxKjUN4v9ctzW9Yk=
-16,17,/p3k1ra48k5RM2iyd/gEh/mRm60=,v4wFI60q+Dwk26oQV+f5xC18APU=
-15,16,/p3k1ra48k5RM2iyd/gEh/mRm60=,v4wFI60q+Dwk26oQV+f5xC18APU=
-16,16,/p3k1ra48k5RM2iyd/gEh/mRm60=,v4wFI60q+Dwk26oQV+f5xC18APU=
-14,17,/p3k1ra48k5RM2iyd/gEh/mRm60=,D6eIXyFDZElq0oeZFn1Ns6zcrU8=
-14,18,/p3k1ra48k5RM2iyd/gEh/mRm60=,+RrmPL3Xf/x0sWImASgLKQd6xQE=
-15,18,QMwoJ6IzXf6FtmuBZorV6oWaSaw=,rVUZJfr1TfFwxKjUN4v9ctzW9Yk=
-16,20,QMwoJ6IzXf6FtmuBZorV6oWaSaw=,FrYbggRrfwsFDTF2BkBLknGfKkw=
-15,17,QMwoJ6IzXf6FtmuBZorV6oWaSaw=,v4wFI60q+Dwk26oQV+f5xC18APU=
-16,19,QMwoJ6IzXf6FtmuBZorV6oWaSaw=,rVUZJfr1TfFwxKjUN4v9ctzW9Yk=
-16,21,QMwoJ6IzXf6FtmuBZorV6oWaSaw=,FrYbggRrfwsFDTF2BkBLknGfKkw=
-16,22,QMwoJ6IzXf6FtmuBZorV6oWaSaw=,N49mYb+TZWho/AK1qVF8qCyEZvY=
-15,20,QMwoJ6IzXf6FtmuBZorV6oWaSaw=,FrYbggRrfwsFDTF2BkBLknGfKkw=
-14,20,QMwoJ6IzXf6FtmuBZorV6oWaSaw=,6WTgNhDaP81G8i0blyw7RQ4kNds=
-14,19,QMwoJ6IzXf6FtmuBZorV6oWaSaw=,+RrmPL3Xf/x0sWImASgLKQd6xQE=
-15,19,QMwoJ6IzXf6FtmuBZorV6oWaSaw=,rVUZJfr1TfFwxKjUN4v9ctzW9Yk=
-16,23,/LtyMveFCDLkjSVA2dbS1PZ21aU=,N49mYb+TZWho/AK1qVF8qCyEZvY=
-15,26,/LtyMveFCDLkjSVA2dbS1PZ21aU=,J48qe2sAsch3eCWOFoqmtWa9068=
-13,27,/LtyMveFCDLkjSVA2dbS1PZ21aU=,F6QKHxEKmMpDHI5PDEjcFXE40aE=
-16,26,/LtyMveFCDLkjSVA2dbS1PZ21aU=,J48qe2sAsch3eCWOFoqmtWa9068=
-14,22,/LtyMveFCDLkjSVA2dbS1PZ21aU=,FrTjcI5LwQXdNAmgNUHRvI0kLWk=
-16,24,/LtyMveFCDLkjSVA2dbS1PZ21aU=,d5T1j6dMv0pMIsvG2TGGHnxbyYE=
-13,31,/LtyMveFCDLkjSVA2dbS1PZ21aU=,SKC2NmWGoJqpO/0TJK2V+z3a6pA=
-13,30,/LtyMveFCDLkjSVA2dbS1PZ21aU=,SKC2NmWGoJqpO/0TJK2V+z3a6pA=
-14,25,/LtyMveFCDLkjSVA2dbS1PZ21aU=,hyklaar+kOMQKsX8dc6jAMLv4KM=
-15,23,/LtyMveFCDLkjSVA2dbS1PZ21aU=,N49mYb+TZWho/AK1qVF8qCyEZvY=
-16,29,/LtyMveFCDLkjSVA2dbS1PZ21aU=,GhkP7/1qJXm3oDzT0ykrqVxaw2I=
-12,31,/LtyMveFCDLkjSVA2dbS1PZ21aU=,kbCZKMKBP9BFJsWI/Q+ZlZ8LzDI=
-15,27,/LtyMveFCDLkjSVA2dbS1PZ21aU=,J48qe2sAsch3eCWOFoqmtWa9068=
-15,31,/LtyMveFCDLkjSVA2dbS1PZ21aU=,kaQDKOoQ+EDOKIPDk+Wx+djfrTs=
-12,30,/LtyMveFCDLkjSVA2dbS1PZ21aU=,kbCZKMKBP9BFJsWI/Q+ZlZ8LzDI=
-15,25,/LtyMveFCDLkjSVA2dbS1PZ21aU=,d5T1j6dMv0pMIsvG2TGGHnxbyYE=
-15,22,/LtyMveFCDLkjSVA2dbS1PZ21aU=,N49mYb+TZWho/AK1qVF8qCyEZvY=
-16,30,/LtyMveFCDLkjSVA2dbS1PZ21aU=,kaQDKOoQ+EDOKIPDk+Wx+djfrTs=
-4,26,/LtyMveFCDLkjSVA2dbS1PZ21aU=,btR+sod88w/9ZPyiDwXuSTBqY5U=
-16,31,/LtyMveFCDLkjSVA2dbS1PZ21aU=,kaQDKOoQ+EDOKIPDk+Wx+djfrTs=
-16,27,/LtyMveFCDLkjSVA2dbS1PZ21aU=,J48qe2sAsch3eCWOFoqmtWa9068=
-14,30,/LtyMveFCDLkjSVA2dbS1PZ21aU=,SKC2NmWGoJqpO/0TJK2V+z3a6pA=
-15,30,/LtyMveFCDLkjSVA2dbS1PZ21aU=,kaQDKOoQ+EDOKIPDk+Wx+djfrTs=
-14,26,/LtyMveFCDLkjSVA2dbS1PZ21aU=,F6QKHxEKmMpDHI5PDEjcFXE40aE=
-14,23,/LtyMveFCDLkjSVA2dbS1PZ21aU=,FrTjcI5LwQXdNAmgNUHRvI0kLWk=
-5,23,/LtyMveFCDLkjSVA2dbS1PZ21aU=,MD4nTUyKcLCQXJ8S6nVjBrwxlTE=
-14,31,/LtyMveFCDLkjSVA2dbS1PZ21aU=,SKC2NmWGoJqpO/0TJK2V+z3a6pA=
-4,23,/LtyMveFCDLkjSVA2dbS1PZ21aU=,iXpMn14eSyTOsPyyWlhnSkBK8cs=
-15,29,/LtyMveFCDLkjSVA2dbS1PZ21aU=,GhkP7/1qJXm3oDzT0ykrqVxaw2I=
-15,24,/LtyMveFCDLkjSVA2dbS1PZ21aU=,d5T1j6dMv0pMIsvG2TGGHnxbyYE=
-5,22,/LtyMveFCDLkjSVA2dbS1PZ21aU=,MD4nTUyKcLCQXJ8S6nVjBrwxlTE=
-16,25,/LtyMveFCDLkjSVA2dbS1PZ21aU=,d5T1j6dMv0pMIsvG2TGGHnxbyYE=
-5,21,/LtyMveFCDLkjSVA2dbS1PZ21aU=,77TVdMN9KXAzD+vHQMr9tiHl/2s=
-15,28,/LtyMveFCDLkjSVA2dbS1PZ21aU=,GhkP7/1qJXm3oDzT0ykrqVxaw2I=
-14,27,/LtyMveFCDLkjSVA2dbS1PZ21aU=,F6QKHxEKmMpDHI5PDEjcFXE40aE=
-4,22,/LtyMveFCDLkjSVA2dbS1PZ21aU=,iXpMn14eSyTOsPyyWlhnSkBK8cs=
-14,24,/LtyMveFCDLkjSVA2dbS1PZ21aU=,hyklaar+kOMQKsX8dc6jAMLv4KM=
-4,19,/LtyMveFCDLkjSVA2dbS1PZ21aU=,uCVqr2tNVG36jDZweVpNl7DLzE4=
-16,28,/LtyMveFCDLkjSVA2dbS1PZ21aU=,GhkP7/1qJXm3oDzT0ykrqVxaw2I=
-4,18,/LtyMveFCDLkjSVA2dbS1PZ21aU=,uCVqr2tNVG36jDZweVpNl7DLzE4=
-5,20,/LtyMveFCDLkjSVA2dbS1PZ21aU=,77TVdMN9KXAzD+vHQMr9tiHl/2s=
-14,21,/LtyMveFCDLkjSVA2dbS1PZ21aU=,6WTgNhDaP81G8i0blyw7RQ4kNds=
-5,19,/LtyMveFCDLkjSVA2dbS1PZ21aU=,b5H1/txWNc0atvWD/pX1U3hnigk=
-5,18,/LtyMveFCDLkjSVA2dbS1PZ21aU=,b5H1/txWNc0atvWD/pX1U3hnigk=
-15,21,/LtyMveFCDLkjSVA2dbS1PZ21aU=,FrYbggRrfwsFDTF2BkBLknGfKkw=
-5,17,/LtyMveFCDLkjSVA2dbS1PZ21aU=,hyklaar+kOMQKsX8dc6jAMLv4KM=
-4,17,ulmAg2BlIMYOp7ej0IlxrZ8j8gA=,7mO/oa8oV570qui5WiryVvOpOGc=
-12,17,ulmAg2BlIMYOp7ej0IlxrZ8j8gA=,30Xie9cicQXXqR1mc6kAOD1D9mQ=
-11,17,ulmAg2BlIMYOp7ej0IlxrZ8j8gA=,30Xie9cicQXXqR1mc6kAOD1D9mQ=
-13,18,ulmAg2BlIMYOp7ej0IlxrZ8j8gA=,+RrmPL3Xf/x0sWImASgLKQd6xQE=
-13,20,ulmAg2BlIMYOp7ej0IlxrZ8j8gA=,6WTgNhDaP81G8i0blyw7RQ4kNds=
-10,18,ulmAg2BlIMYOp7ej0IlxrZ8j8gA=,c5oCYuUs/4R0hIDAbIY8etHpm7o=
-12,19,ulmAg2BlIMYOp7ej0IlxrZ8j8gA=,SAIfR5yJPo6Qm8zU13W92LSfSEg=
-12,18,ulmAg2BlIMYOp7ej0IlxrZ8j8gA=,SAIfR5yJPo6Qm8zU13W92LSfSEg=
-12,20,ulmAg2BlIMYOp7ej0IlxrZ8j8gA=,FrYbggRrfwsFDTF2BkBLknGfKkw=
-10,17,ulmAg2BlIMYOp7ej0IlxrZ8j8gA=,+E/ojjSqok5UIHB55aIr+oj3ZsE=
-9,18,ulmAg2BlIMYOp7ej0IlxrZ8j8gA=,c5oCYuUs/4R0hIDAbIY8etHpm7o=
-13,19,ulmAg2BlIMYOp7ej0IlxrZ8j8gA=,+RrmPL3Xf/x0sWImASgLKQd6xQE=
-13,17,ulmAg2BlIMYOp7ej0IlxrZ8j8gA=,D6eIXyFDZElq0oeZFn1Ns6zcrU8=
-11,18,ulmAg2BlIMYOp7ej0IlxrZ8j8gA=,SAIfR5yJPo6Qm8zU13W92LSfSEg=
-9,17,ulmAg2BlIMYOp7ej0IlxrZ8j8gA=,+E/ojjSqok5UIHB55aIr+oj3ZsE=
-6,17,ulmAg2BlIMYOp7ej0IlxrZ8j8gA=,hyklaar+kOMQKsX8dc6jAMLv4KM=
-7,17,ulmAg2BlIMYOp7ej0IlxrZ8j8gA=,G0iMYsij8Chc4K56S6hUzYRTPN0=
-7,18,ulmAg2BlIMYOp7ej0IlxrZ8j8gA=,7w0fOed37UtXK/NTaRv68PklTAo=
-8,18,ulmAg2BlIMYOp7ej0IlxrZ8j8gA=,7w0fOed37UtXK/NTaRv68PklTAo=
-8,17,ulmAg2BlIMYOp7ej0IlxrZ8j8gA=,G0iMYsij8Chc4K56S6hUzYRTPN0=
-6,18,ulmAg2BlIMYOp7ej0IlxrZ8j8gA=,b5H1/txWNc0atvWD/pX1U3hnigk=
-10,19,XnJ/Q8wyaAo9bFfm33iOhrNHNrs=,c5oCYuUs/4R0hIDAbIY8etHpm7o=
-11,19,XnJ/Q8wyaAo9bFfm33iOhrNHNrs=,SAIfR5yJPo6Qm8zU13W92LSfSEg=
-10,20,XnJ/Q8wyaAo9bFfm33iOhrNHNrs=,OO1226ZQr3CT2Xl53i1L6cS8ogE=
-11,20,XnJ/Q8wyaAo9bFfm33iOhrNHNrs=,FrYbggRrfwsFDTF2BkBLknGfKkw=
-7,25,XnJ/Q8wyaAo9bFfm33iOhrNHNrs=,+6zfVLLa+79QtoIh0gVinajYqPs=
-7,26,XnJ/Q8wyaAo9bFfm33iOhrNHNrs=,jXE3TzT4FkCS+ZC4Rki371Dptm0=
-9,25,XnJ/Q8wyaAo9bFfm33iOhrNHNrs=,qv4Bv+SnQNSTvSJKgIs8J+TQLbw=
-8,26,XnJ/Q8wyaAo9bFfm33iOhrNHNrs=,jXE3TzT4FkCS+ZC4Rki371Dptm0=
-8,25,XnJ/Q8wyaAo9bFfm33iOhrNHNrs=,+6zfVLLa+79QtoIh0gVinajYqPs=
-12,25,XukMa/k7PkxU6e6UkhsKCZw3P2I=,jceoTAGineogKSy3hqaeWm8hWdI=
-10,25,XukMa/k7PkxU6e6UkhsKCZw3P2I=,qv4Bv+SnQNSTvSJKgIs8J+TQLbw=
-13,25,XukMa/k7PkxU6e6UkhsKCZw3P2I=,hyklaar+kOMQKsX8dc6jAMLv4KM=
-13,26,XukMa/k7PkxU6e6UkhsKCZw3P2I=,F6QKHxEKmMpDHI5PDEjcFXE40aE=
-11,25,XukMa/k7PkxU6e6UkhsKCZw3P2I=,jceoTAGineogKSy3hqaeWm8hWdI=
-9,24,XukMa/k7PkxU6e6UkhsKCZw3P2I=,qv4Bv+SnQNSTvSJKgIs8J+TQLbw=
-8,23,XukMa/k7PkxU6e6UkhsKCZw3P2I=,4uqj0KZ+ce5UIze9+wj1IDf/4m8=
-9,23,XukMa/k7PkxU6e6UkhsKCZw3P2I=,WHC/DHU2DzdJtJObclvwrDV9PbE=
-7,24,XukMa/k7PkxU6e6UkhsKCZw3P2I=,+6zfVLLa+79QtoIh0gVinajYqPs=
-7,23,XukMa/k7PkxU6e6UkhsKCZw3P2I=,4uqj0KZ+ce5UIze9+wj1IDf/4m8=
-6,22,XukMa/k7PkxU6e6UkhsKCZw3P2I=,MD4nTUyKcLCQXJ8S6nVjBrwxlTE=
-8,24,XukMa/k7PkxU6e6UkhsKCZw3P2I=,+6zfVLLa+79QtoIh0gVinajYqPs=
-7,21,XukMa/k7PkxU6e6UkhsKCZw3P2I=,6MMQ3tDIoxAAv6sNj//UJ0uvRVY=
-6,23,XukMa/k7PkxU6e6UkhsKCZw3P2I=,MD4nTUyKcLCQXJ8S6nVjBrwxlTE=
-13,22,XukMa/k7PkxU6e6UkhsKCZw3P2I=,FrTjcI5LwQXdNAmgNUHRvI0kLWk=
-8,21,XukMa/k7PkxU6e6UkhsKCZw3P2I=,6MMQ3tDIoxAAv6sNj//UJ0uvRVY=
-6,21,XukMa/k7PkxU6e6UkhsKCZw3P2I=,77TVdMN9KXAzD+vHQMr9tiHl/2s=
-11,24,XukMa/k7PkxU6e6UkhsKCZw3P2I=,jceoTAGineogKSy3hqaeWm8hWdI=
-8,19,XukMa/k7PkxU6e6UkhsKCZw3P2I=,7w0fOed37UtXK/NTaRv68PklTAo=
-9,22,XukMa/k7PkxU6e6UkhsKCZw3P2I=,WHC/DHU2DzdJtJObclvwrDV9PbE=
-10,24,XukMa/k7PkxU6e6UkhsKCZw3P2I=,qv4Bv+SnQNSTvSJKgIs8J+TQLbw=
-7,20,XukMa/k7PkxU6e6UkhsKCZw3P2I=,6MMQ3tDIoxAAv6sNj//UJ0uvRVY=
-9,21,XukMa/k7PkxU6e6UkhsKCZw3P2I=,OO1226ZQr3CT2Xl53i1L6cS8ogE=
-13,24,XukMa/k7PkxU6e6UkhsKCZw3P2I=,hyklaar+kOMQKsX8dc6jAMLv4KM=
-7,22,XukMa/k7PkxU6e6UkhsKCZw3P2I=,4uqj0KZ+ce5UIze9+wj1IDf/4m8=
-13,23,XukMa/k7PkxU6e6UkhsKCZw3P2I=,FrTjcI5LwQXdNAmgNUHRvI0kLWk=
-8,22,XukMa/k7PkxU6e6UkhsKCZw3P2I=,4uqj0KZ+ce5UIze9+wj1IDf/4m8=
-13,21,XukMa/k7PkxU6e6UkhsKCZw3P2I=,6WTgNhDaP81G8i0blyw7RQ4kNds=
-6,19,XukMa/k7PkxU6e6UkhsKCZw3P2I=,b5H1/txWNc0atvWD/pX1U3hnigk=
-10,23,XukMa/k7PkxU6e6UkhsKCZw3P2I=,WHC/DHU2DzdJtJObclvwrDV9PbE=
-8,20,XukMa/k7PkxU6e6UkhsKCZw3P2I=,6MMQ3tDIoxAAv6sNj//UJ0uvRVY=
-10,22,XukMa/k7PkxU6e6UkhsKCZw3P2I=,WHC/DHU2DzdJtJObclvwrDV9PbE=
-9,20,XukMa/k7PkxU6e6UkhsKCZw3P2I=,OO1226ZQr3CT2Xl53i1L6cS8ogE=
-6,20,XukMa/k7PkxU6e6UkhsKCZw3P2I=,77TVdMN9KXAzD+vHQMr9tiHl/2s=
-11,23,XukMa/k7PkxU6e6UkhsKCZw3P2I=,x62T27JTHgR8QGLrGtqkClL0iKU=
-9,19,XukMa/k7PkxU6e6UkhsKCZw3P2I=,c5oCYuUs/4R0hIDAbIY8etHpm7o=
-12,24,XukMa/k7PkxU6e6UkhsKCZw3P2I=,jceoTAGineogKSy3hqaeWm8hWdI=
-7,19,XukMa/k7PkxU6e6UkhsKCZw3P2I=,7w0fOed37UtXK/NTaRv68PklTAo=
-11,21,XukMa/k7PkxU6e6UkhsKCZw3P2I=,FrYbggRrfwsFDTF2BkBLknGfKkw=
-10,21,XukMa/k7PkxU6e6UkhsKCZw3P2I=,OO1226ZQr3CT2Xl53i1L6cS8ogE=
-12,23,XukMa/k7PkxU6e6UkhsKCZw3P2I=,x62T27JTHgR8QGLrGtqkClL0iKU=
-11,22,XukMa/k7PkxU6e6UkhsKCZw3P2I=,x62T27JTHgR8QGLrGtqkClL0iKU=
-12,21,XukMa/k7PkxU6e6UkhsKCZw3P2I=,FrYbggRrfwsFDTF2BkBLknGfKkw=
-12,22,t7s5HXL3LixV1TfNQsgO9XsHaq0=,x62T27JTHgR8QGLrGtqkClL0iKU=
-17,28,FRN1knci8ATgciY+NjqfhxEScWs=,7utE7Wus2+Dqhc0H+2Sv0ps7THU=
-17,27,FRN1knci8ATgciY+NjqfhxEScWs=,Z+hoAResnuVMfje34NmU7Mif0RQ=
-17,25,FRN1knci8ATgciY+NjqfhxEScWs=,+KZkTA+msLELNjf9YZCqRpAJh8k=
-17,23,FRN1knci8ATgciY+NjqfhxEScWs=,dpEyTJ4VHPGGGYEmJJG//0V7e58=
-17,22,FRN1knci8ATgciY+NjqfhxEScWs=,dpEyTJ4VHPGGGYEmJJG//0V7e58=
-17,26,FRN1knci8ATgciY+NjqfhxEScWs=,Z+hoAResnuVMfje34NmU7Mif0RQ=
-17,24,FRN1knci8ATgciY+NjqfhxEScWs=,+KZkTA+msLELNjf9YZCqRpAJh8k=
-17,21,FRN1knci8ATgciY+NjqfhxEScWs=,CD56JWCzOlaRkFedes+FjA1DnbM=
-17,20,FRN1knci8ATgciY+NjqfhxEScWs=,CD56JWCzOlaRkFedes+FjA1DnbM=
-17,19,FRN1knci8ATgciY+NjqfhxEScWs=,25otCoAjp74zWqzrQ6xt0keVlF0=
-17,17,PO5IScn7x9EM17lANAagxOQHdsk=,0NJKovbqHm4gKGlRpGXn/Tpb/eA=
-17,18,PO5IScn7x9EM17lANAagxOQHdsk=,25otCoAjp74zWqzrQ6xt0keVlF0=
-23,16,PO5IScn7x9EM17lANAagxOQHdsk=,30Xie9cicQXXqR1mc6kAOD1D9mQ=
-22,16,PO5IScn7x9EM17lANAagxOQHdsk=,B5bUncqeDh0vR8QjXjNMLFtyyJQ=
-17,29,PO5IScn7x9EM17lANAagxOQHdsk=,7utE7Wus2+Dqhc0H+2Sv0ps7THU=
-17,16,PO5IScn7x9EM17lANAagxOQHdsk=,0NJKovbqHm4gKGlRpGXn/Tpb/eA=
-18,16,PO5IScn7x9EM17lANAagxOQHdsk=,0NJKovbqHm4gKGlRpGXn/Tpb/eA=
-17,31,PO5IScn7x9EM17lANAagxOQHdsk=,z3hTpQ/+9LUFjiaRFc8Q+mIblqI=
-17,30,PO5IScn7x9EM17lANAagxOQHdsk=,z3hTpQ/+9LUFjiaRFc8Q+mIblqI=
-20,16,m34dXLCt2P8xKWs2Knxv8U+PrhU=,tis3Q/C6so3D94pl2v4cTtHkoeo=
-21,16,m34dXLCt2P8xKWs2Knxv8U+PrhU=,B5bUncqeDh0vR8QjXjNMLFtyyJQ=
-19,16,m34dXLCt2P8xKWs2Knxv8U+PrhU=,tis3Q/C6so3D94pl2v4cTtHkoeo=
-18,18,m34dXLCt2P8xKWs2Knxv8U+PrhU=,25otCoAjp74zWqzrQ6xt0keVlF0=
-18,29,m34dXLCt2P8xKWs2Knxv8U+PrhU=,7utE7Wus2+Dqhc0H+2Sv0ps7THU=
-19,18,m34dXLCt2P8xKWs2Knxv8U+PrhU=,RzqosyxBFCbL2ycO9jLq0JX5Ork=
-19,31,m34dXLCt2P8xKWs2Knxv8U+PrhU=,VQJelQayN6lsK6W9HIHYQCnpbho=
-20,31,m34dXLCt2P8xKWs2Knxv8U+PrhU=,VQJelQayN6lsK6W9HIHYQCnpbho=
-19,30,m34dXLCt2P8xKWs2Knxv8U+PrhU=,VQJelQayN6lsK6W9HIHYQCnpbho=
-18,31,m34dXLCt2P8xKWs2Knxv8U+PrhU=,z3hTpQ/+9LUFjiaRFc8Q+mIblqI=
-18,30,m34dXLCt2P8xKWs2Knxv8U+PrhU=,z3hTpQ/+9LUFjiaRFc8Q+mIblqI=
-21,31,m34dXLCt2P8xKWs2Knxv8U+PrhU=,jQV1Of9I4b+t960sdOnVkRQ/VLc=
-19,17,m34dXLCt2P8xKWs2Knxv8U+PrhU=,tis3Q/C6so3D94pl2v4cTtHkoeo=
-22,31,m34dXLCt2P8xKWs2Knxv8U+PrhU=,jQV1Of9I4b+t960sdOnVkRQ/VLc=
-18,17,m34dXLCt2P8xKWs2Knxv8U+PrhU=,0NJKovbqHm4gKGlRpGXn/Tpb/eA=
-23,31,m34dXLCt2P8xKWs2Knxv8U+PrhU=,qJOEyy5heUFfeu8JGUng5pvjgZQ=
-20,17,m34dXLCt2P8xKWs2Knxv8U+PrhU=,tis3Q/C6so3D94pl2v4cTtHkoeo=
-20,18,m34dXLCt2P8xKWs2Knxv8U+PrhU=,RzqosyxBFCbL2ycO9jLq0JX5Ork=
-21,17,m34dXLCt2P8xKWs2Knxv8U+PrhU=,B5bUncqeDh0vR8QjXjNMLFtyyJQ=
-21,18,m34dXLCt2P8xKWs2Knxv8U+PrhU=,lVvDgF0ZlZ4027P1XVZ201gf9DA=
-25,31,Vo9JFJ6jjOzPN3EXWKieDo5slK4=,M2/+plA6SX5oyFaL78aj3okKIps=
-26,31,Vo9JFJ6jjOzPN3EXWKieDo5slK4=,M2/+plA6SX5oyFaL78aj3okKIps=
-27,31,Vo9JFJ6jjOzPN3EXWKieDo5slK4=,HOqsm4CYsjdWOElW+fwG5qFHiqs=
-24,31,Vo9JFJ6jjOzPN3EXWKieDo5slK4=,qJOEyy5heUFfeu8JGUng5pvjgZQ=
-28,31,Vo9JFJ6jjOzPN3EXWKieDo5slK4=,HOqsm4CYsjdWOElW+fwG5qFHiqs=
-29,31,Vo9JFJ6jjOzPN3EXWKieDo5slK4=,BIfHaihuvF5twZHVuoNf8EXNaWE=
-30,31,Vo9JFJ6jjOzPN3EXWKieDo5slK4=,BIfHaihuvF5twZHVuoNf8EXNaWE=
-31,31,Vo9JFJ6jjOzPN3EXWKieDo5slK4=,e3M2YOGfzAPQTXHPOoPXwaaJ+Ck=
-31,30,Vo9JFJ6jjOzPN3EXWKieDo5slK4=,e3M2YOGfzAPQTXHPOoPXwaaJ+Ck=
-31,29,Vo9JFJ6jjOzPN3EXWKieDo5slK4=,LL0rEUIcYby7VDBTWSHdzvaiovE=
-32,31,FUkygK1+o/Iw65mofZh/sJ48x4w=,e3M2YOGfzAPQTXHPOoPXwaaJ+Ck=
-30,29,FUkygK1+o/Iw65mofZh/sJ48x4w=,617RAa+cOXO0ZkC120aTkKcdIBk=
-30,30,FUkygK1+o/Iw65mofZh/sJ48x4w=,BIfHaihuvF5twZHVuoNf8EXNaWE=
-32,29,FUkygK1+o/Iw65mofZh/sJ48x4w=,LL0rEUIcYby7VDBTWSHdzvaiovE=
-32,27,FUkygK1+o/Iw65mofZh/sJ48x4w=,maaZOwroPMK0hEDPdIem9Vyj1Sg=
-32,28,FUkygK1+o/Iw65mofZh/sJ48x4w=,LL0rEUIcYby7VDBTWSHdzvaiovE=
-32,30,FUkygK1+o/Iw65mofZh/sJ48x4w=,e3M2YOGfzAPQTXHPOoPXwaaJ+Ck=
-30,27,FUkygK1+o/Iw65mofZh/sJ48x4w=,M2/+plA6SX5oyFaL78aj3okKIps=
-31,27,FUkygK1+o/Iw65mofZh/sJ48x4w=,maaZOwroPMK0hEDPdIem9Vyj1Sg=
-30,28,FUkygK1+o/Iw65mofZh/sJ48x4w=,617RAa+cOXO0ZkC120aTkKcdIBk=
-31,28,FUkygK1+o/Iw65mofZh/sJ48x4w=,LL0rEUIcYby7VDBTWSHdzvaiovE=
-32,21,FUkygK1+o/Iw65mofZh/sJ48x4w=,rtWBnXvrtDFZCdPC4lcnNQIDNaQ=
-32,22,FUkygK1+o/Iw65mofZh/sJ48x4w=,jXE3TzT4FkCS+ZC4Rki371Dptm0=
-32,23,FUkygK1+o/Iw65mofZh/sJ48x4w=,jXE3TzT4FkCS+ZC4Rki371Dptm0=
-32,25,FUkygK1+o/Iw65mofZh/sJ48x4w=,nvw9pBiNiJehFwloBMZouA5bqdQ=
-32,26,FUkygK1+o/Iw65mofZh/sJ48x4w=,maaZOwroPMK0hEDPdIem9Vyj1Sg=
-31,21,FUkygK1+o/Iw65mofZh/sJ48x4w=,rtWBnXvrtDFZCdPC4lcnNQIDNaQ=
-30,21,FUkygK1+o/Iw65mofZh/sJ48x4w=,p1Zd2kxu5TlayjTQjUYiW0jHRNY=
-31,22,FUkygK1+o/Iw65mofZh/sJ48x4w=,jXE3TzT4FkCS+ZC4Rki371Dptm0=
-30,22,FUkygK1+o/Iw65mofZh/sJ48x4w=,B5bUncqeDh0vR8QjXjNMLFtyyJQ=
-32,24,FUkygK1+o/Iw65mofZh/sJ48x4w=,nvw9pBiNiJehFwloBMZouA5bqdQ=
-30,23,dOtxolvgWa/x7GdeYK/DTXYm80g=,B5bUncqeDh0vR8QjXjNMLFtyyJQ=
-31,26,dOtxolvgWa/x7GdeYK/DTXYm80g=,maaZOwroPMK0hEDPdIem9Vyj1Sg=
-30,26,dOtxolvgWa/x7GdeYK/DTXYm80g=,M2/+plA6SX5oyFaL78aj3okKIps=
-31,24,dOtxolvgWa/x7GdeYK/DTXYm80g=,nvw9pBiNiJehFwloBMZouA5bqdQ=
-31,25,dOtxolvgWa/x7GdeYK/DTXYm80g=,nvw9pBiNiJehFwloBMZouA5bqdQ=
-32,16,dOtxolvgWa/x7GdeYK/DTXYm80g=,vcdtOC2D/JPhGh/lTirGn+2/rY0=
-31,23,dOtxolvgWa/x7GdeYK/DTXYm80g=,jXE3TzT4FkCS+ZC4Rki371Dptm0=
-30,24,dOtxolvgWa/x7GdeYK/DTXYm80g=,c5oCYuUs/4R0hIDAbIY8etHpm7o=
-30,25,dOtxolvgWa/x7GdeYK/DTXYm80g=,c5oCYuUs/4R0hIDAbIY8etHpm7o=
-31,16,dOtxolvgWa/x7GdeYK/DTXYm80g=,vcdtOC2D/JPhGh/lTirGn+2/rY0=
-32,19,dOtxolvgWa/x7GdeYK/DTXYm80g=,GeYLK3YYHixMLN0TsAUs9PBYT0c=
-30,16,GLv5ZH/JW9Bd8LpzyA4GtSJldgc=,nozmP0LuwX2JC/r3lnP2nhJXnQQ=
-32,20,GLv5ZH/JW9Bd8LpzyA4GtSJldgc=,rtWBnXvrtDFZCdPC4lcnNQIDNaQ=
-32,18,GLv5ZH/JW9Bd8LpzyA4GtSJldgc=,GeYLK3YYHixMLN0TsAUs9PBYT0c=
-32,17,GLv5ZH/JW9Bd8LpzyA4GtSJldgc=,vcdtOC2D/JPhGh/lTirGn+2/rY0=
-24,16,GLv5ZH/JW9Bd8LpzyA4GtSJldgc=,30Xie9cicQXXqR1mc6kAOD1D9mQ=
-25,16,GLv5ZH/JW9Bd8LpzyA4GtSJldgc=,erhLier28yQSs4FxRD0DAFV6jmk=
-26,16,GLv5ZH/JW9Bd8LpzyA4GtSJldgc=,erhLier28yQSs4FxRD0DAFV6jmk=
-27,16,GLv5ZH/JW9Bd8LpzyA4GtSJldgc=,zuiPKk+evhi+Bx8wkSEvkypVu0A=
-28,16,GLv5ZH/JW9Bd8LpzyA4GtSJldgc=,zuiPKk+evhi+Bx8wkSEvkypVu0A=
-29,16,GLv5ZH/JW9Bd8LpzyA4GtSJldgc=,nozmP0LuwX2JC/r3lnP2nhJXnQQ=
-30,20,K2JJtTlCJal9l05gasvVVaSPiu4=,p1Zd2kxu5TlayjTQjUYiW0jHRNY=
-30,18,K2JJtTlCJal9l05gasvVVaSPiu4=,8JtvTvznE81uumBCfYvs/CCVn9E=
-30,19,K2JJtTlCJal9l05gasvVVaSPiu4=,8JtvTvznE81uumBCfYvs/CCVn9E=
-27,18,K2JJtTlCJal9l05gasvVVaSPiu4=,w0//KPws9zlMV0XO2nGAYo20dAg=
-30,17,K2JJtTlCJal9l05gasvVVaSPiu4=,nozmP0LuwX2JC/r3lnP2nhJXnQQ=
-27,17,K2JJtTlCJal9l05gasvVVaSPiu4=,zuiPKk+evhi+Bx8wkSEvkypVu0A=
-27,19,K2JJtTlCJal9l05gasvVVaSPiu4=,w0//KPws9zlMV0XO2nGAYo20dAg=
-31,18,K2JJtTlCJal9l05gasvVVaSPiu4=,GeYLK3YYHixMLN0TsAUs9PBYT0c=
-26,19,K2JJtTlCJal9l05gasvVVaSPiu4=,7lm8d3vy4QvqdY2+Q36L5u38WSM=
-31,17,K2JJtTlCJal9l05gasvVVaSPiu4=,vcdtOC2D/JPhGh/lTirGn+2/rY0=
-31,20,K2JJtTlCJal9l05gasvVVaSPiu4=,rtWBnXvrtDFZCdPC4lcnNQIDNaQ=
-28,18,K2JJtTlCJal9l05gasvVVaSPiu4=,w0//KPws9zlMV0XO2nGAYo20dAg=
-31,19,K2JJtTlCJal9l05gasvVVaSPiu4=,GeYLK3YYHixMLN0TsAUs9PBYT0c=
-29,17,K2JJtTlCJal9l05gasvVVaSPiu4=,nozmP0LuwX2JC/r3lnP2nhJXnQQ=
-29,20,K2JJtTlCJal9l05gasvVVaSPiu4=,p1Zd2kxu5TlayjTQjUYiW0jHRNY=
-29,18,oIbFg1P+TnDevnz3KkIUv0oJhGA=,8JtvTvznE81uumBCfYvs/CCVn9E=
-28,17,oIbFg1P+TnDevnz3KkIUv0oJhGA=,zuiPKk+evhi+Bx8wkSEvkypVu0A=
-27,20,oIbFg1P+TnDevnz3KkIUv0oJhGA=,LL0rEUIcYby7VDBTWSHdzvaiovE=
-28,20,oIbFg1P+TnDevnz3KkIUv0oJhGA=,LL0rEUIcYby7VDBTWSHdzvaiovE=
-26,20,oIbFg1P+TnDevnz3KkIUv0oJhGA=,XT2AGGdNJK+mk/cO2+fA17bofNY=
-28,19,oIbFg1P+TnDevnz3KkIUv0oJhGA=,w0//KPws9zlMV0XO2nGAYo20dAg=
-26,17,oIbFg1P+TnDevnz3KkIUv0oJhGA=,erhLier28yQSs4FxRD0DAFV6jmk=
-26,18,oIbFg1P+TnDevnz3KkIUv0oJhGA=,7lm8d3vy4QvqdY2+Q36L5u38WSM=
-29,19,oIbFg1P+TnDevnz3KkIUv0oJhGA=,8JtvTvznE81uumBCfYvs/CCVn9E=
-18,19,oIbFg1P+TnDevnz3KkIUv0oJhGA=,25otCoAjp74zWqzrQ6xt0keVlF0=
-23,21,oIbFg1P+TnDevnz3KkIUv0oJhGA=,VQJelQayN6lsK6W9HIHYQCnpbho=
-19,20,oIbFg1P+TnDevnz3KkIUv0oJhGA=,pvbDtJPaO3InNjqOyk5AgA+FStg=
-23,22,oIbFg1P+TnDevnz3KkIUv0oJhGA=,GskVkD+NJj4+ag0WXsV+VeWk154=
-22,22,sixCq4K8Cf/NG+U+If5QOwutPXQ=,u6bxuxFBfatzGtHdir+5aZLhEJg=
-20,20,sixCq4K8Cf/NG+U+If5QOwutPXQ=,pvbDtJPaO3InNjqOyk5AgA+FStg=
-19,21,sixCq4K8Cf/NG+U+If5QOwutPXQ=,pvbDtJPaO3InNjqOyk5AgA+FStg=
-24,21,sixCq4K8Cf/NG+U+If5QOwutPXQ=,VQJelQayN6lsK6W9HIHYQCnpbho=
-18,22,sixCq4K8Cf/NG+U+If5QOwutPXQ=,dpEyTJ4VHPGGGYEmJJG//0V7e58=
-22,21,sixCq4K8Cf/NG+U+If5QOwutPXQ=,cqGNA0fx8y/u1BFgfYVV4IVI3p4=
-21,20,sixCq4K8Cf/NG+U+If5QOwutPXQ=,cqGNA0fx8y/u1BFgfYVV4IVI3p4=
-25,22,sixCq4K8Cf/NG+U+If5QOwutPXQ=,gtnRI3/UXv9Qtwe9C1b649qEx1w=
-21,22,sixCq4K8Cf/NG+U+If5QOwutPXQ=,u6bxuxFBfatzGtHdir+5aZLhEJg=
-18,20,sixCq4K8Cf/NG+U+If5QOwutPXQ=,CD56JWCzOlaRkFedes+FjA1DnbM=
-21,19,sixCq4K8Cf/NG+U+If5QOwutPXQ=,lVvDgF0ZlZ4027P1XVZ201gf9DA=
-20,21,sixCq4K8Cf/NG+U+If5QOwutPXQ=,pvbDtJPaO3InNjqOyk5AgA+FStg=
-24,22,sixCq4K8Cf/NG+U+If5QOwutPXQ=,GskVkD+NJj4+ag0WXsV+VeWk154=
-19,19,sixCq4K8Cf/NG+U+If5QOwutPXQ=,RzqosyxBFCbL2ycO9jLq0JX5Ork=
-25,21,sixCq4K8Cf/NG+U+If5QOwutPXQ=,XT2AGGdNJK+mk/cO2+fA17bofNY=
-18,21,sixCq4K8Cf/NG+U+If5QOwutPXQ=,CD56JWCzOlaRkFedes+FjA1DnbM=
-20,19,sixCq4K8Cf/NG+U+If5QOwutPXQ=,RzqosyxBFCbL2ycO9jLq0JX5Ork=
-19,22,sixCq4K8Cf/NG+U+If5QOwutPXQ=,+FgqKR0HIC82DRymvpfXuVE9D/U=
-20,22,sixCq4K8Cf/NG+U+If5QOwutPXQ=,+FgqKR0HIC82DRymvpfXuVE9D/U=
-21,21,sixCq4K8Cf/NG+U+If5QOwutPXQ=,cqGNA0fx8y/u1BFgfYVV4IVI3p4=
-21,29,sixCq4K8Cf/NG+U+If5QOwutPXQ=,u6bxuxFBfatzGtHdir+5aZLhEJg=
-20,30,sixCq4K8Cf/NG+U+If5QOwutPXQ=,VQJelQayN6lsK6W9HIHYQCnpbho=
-21,30,sixCq4K8Cf/NG+U+If5QOwutPXQ=,jQV1Of9I4b+t960sdOnVkRQ/VLc=
-18,23,RMO4gvEqCUw3nsyFxg0HKWsHClY=,dpEyTJ4VHPGGGYEmJJG//0V7e58=
-19,23,RMO4gvEqCUw3nsyFxg0HKWsHClY=,+FgqKR0HIC82DRymvpfXuVE9D/U=
-19,24,RMO4gvEqCUw3nsyFxg0HKWsHClY=,lD8G9qyKooplyjsSE/i/gpp7LVE=
-19,27,RMO4gvEqCUw3nsyFxg0HKWsHClY=,YcATqveDBURPZhcG1S5EilkWGSE=
-21,25,RMO4gvEqCUw3nsyFxg0HKWsHClY=,PaIVovZwW1MG01zj+Li2GChGyuA=
-18,24,RMO4gvEqCUw3nsyFxg0HKWsHClY=,+KZkTA+msLELNjf9YZCqRpAJh8k=
-20,27,RMO4gvEqCUw3nsyFxg0HKWsHClY=,YcATqveDBURPZhcG1S5EilkWGSE=
-21,23,RMO4gvEqCUw3nsyFxg0HKWsHClY=,u6bxuxFBfatzGtHdir+5aZLhEJg=
-19,26,RMO4gvEqCUw3nsyFxg0HKWsHClY=,YcATqveDBURPZhcG1S5EilkWGSE=
-20,23,RMO4gvEqCUw3nsyFxg0HKWsHClY=,+FgqKR0HIC82DRymvpfXuVE9D/U=
-21,28,RMO4gvEqCUw3nsyFxg0HKWsHClY=,u6bxuxFBfatzGtHdir+5aZLhEJg=
-20,26,RMO4gvEqCUw3nsyFxg0HKWsHClY=,YcATqveDBURPZhcG1S5EilkWGSE=
-19,25,RMO4gvEqCUw3nsyFxg0HKWsHClY=,lD8G9qyKooplyjsSE/i/gpp7LVE=
-21,27,RMO4gvEqCUw3nsyFxg0HKWsHClY=,Gr+ycRrbwBStTZzgON8Ze2X34mA=
-18,27,RMO4gvEqCUw3nsyFxg0HKWsHClY=,Z+hoAResnuVMfje34NmU7Mif0RQ=
-20,25,5ymSkYoR0ub/GWc8vT54b7iGNDA=,lD8G9qyKooplyjsSE/i/gpp7LVE=
-18,25,5ymSkYoR0ub/GWc8vT54b7iGNDA=,+KZkTA+msLELNjf9YZCqRpAJh8k=
-20,24,5ymSkYoR0ub/GWc8vT54b7iGNDA=,lD8G9qyKooplyjsSE/i/gpp7LVE=
-21,26,5ymSkYoR0ub/GWc8vT54b7iGNDA=,Gr+ycRrbwBStTZzgON8Ze2X34mA=
-23,26,5ymSkYoR0ub/GWc8vT54b7iGNDA=,MD4nTUyKcLCQXJ8S6nVjBrwxlTE=
-18,26,5ymSkYoR0ub/GWc8vT54b7iGNDA=,Z+hoAResnuVMfje34NmU7Mif0RQ=
-22,27,5ymSkYoR0ub/GWc8vT54b7iGNDA=,Gr+ycRrbwBStTZzgON8Ze2X34mA=
-21,24,5ymSkYoR0ub/GWc8vT54b7iGNDA=,PaIVovZwW1MG01zj+Li2GChGyuA=
-23,23,5ymSkYoR0ub/GWc8vT54b7iGNDA=,GskVkD+NJj4+ag0WXsV+VeWk154=
-18,28,5ymSkYoR0ub/GWc8vT54b7iGNDA=,7utE7Wus2+Dqhc0H+2Sv0ps7THU=
-23,27,5ymSkYoR0ub/GWc8vT54b7iGNDA=,MD4nTUyKcLCQXJ8S6nVjBrwxlTE=
-22,29,5ymSkYoR0ub/GWc8vT54b7iGNDA=,u6bxuxFBfatzGtHdir+5aZLhEJg=
-22,30,5ymSkYoR0ub/GWc8vT54b7iGNDA=,jQV1Of9I4b+t960sdOnVkRQ/VLc=
-22,25,5ymSkYoR0ub/GWc8vT54b7iGNDA=,PaIVovZwW1MG01zj+Li2GChGyuA=
-23,29,5ymSkYoR0ub/GWc8vT54b7iGNDA=,+NZEhOpXwOqgj6eTTGmhti3Rz2o=
-22,24,5ymSkYoR0ub/GWc8vT54b7iGNDA=,PaIVovZwW1MG01zj+Li2GChGyuA=
-23,28,5ymSkYoR0ub/GWc8vT54b7iGNDA=,+NZEhOpXwOqgj6eTTGmhti3Rz2o=
-23,30,5ymSkYoR0ub/GWc8vT54b7iGNDA=,qJOEyy5heUFfeu8JGUng5pvjgZQ=
-22,28,5ymSkYoR0ub/GWc8vT54b7iGNDA=,u6bxuxFBfatzGtHdir+5aZLhEJg=
-22,23,5ymSkYoR0ub/GWc8vT54b7iGNDA=,u6bxuxFBfatzGtHdir+5aZLhEJg=
-23,25,5ymSkYoR0ub/GWc8vT54b7iGNDA=,GxjGi6GIccMTrVrOizRlXQEoUhU=
-23,24,5ymSkYoR0ub/GWc8vT54b7iGNDA=,GxjGi6GIccMTrVrOizRlXQEoUhU=
-22,26,5ymSkYoR0ub/GWc8vT54b7iGNDA=,Gr+ycRrbwBStTZzgON8Ze2X34mA=
-28,30,5ymSkYoR0ub/GWc8vT54b7iGNDA=,HOqsm4CYsjdWOElW+fwG5qFHiqs=
-29,30,5ymSkYoR0ub/GWc8vT54b7iGNDA=,BIfHaihuvF5twZHVuoNf8EXNaWE=
-28,29,5ymSkYoR0ub/GWc8vT54b7iGNDA=,v4wFI60q+Dwk26oQV+f5xC18APU=
-29,29,5ymSkYoR0ub/GWc8vT54b7iGNDA=,617RAa+cOXO0ZkC120aTkKcdIBk=
-25,27,5ymSkYoR0ub/GWc8vT54b7iGNDA=,EAPOT0ZAIqQOy+iCbldzO9nj7WY=
-27,27,5ymSkYoR0ub/GWc8vT54b7iGNDA=,gdfMD8LqSfk+BrlnoNnAeXoLVJI=
-26,27,5ymSkYoR0ub/GWc8vT54b7iGNDA=,EAPOT0ZAIqQOy+iCbldzO9nj7WY=
-28,27,TjS/zZAdCtft1KgwWIN6jPCemww=,gdfMD8LqSfk+BrlnoNnAeXoLVJI=
-24,27,TjS/zZAdCtft1KgwWIN6jPCemww=,MD4nTUyKcLCQXJ8S6nVjBrwxlTE=
-27,29,TjS/zZAdCtft1KgwWIN6jPCemww=,v4wFI60q+Dwk26oQV+f5xC18APU=
-29,27,TjS/zZAdCtft1KgwWIN6jPCemww=,M2/+plA6SX5oyFaL78aj3okKIps=
-28,28,TjS/zZAdCtft1KgwWIN6jPCemww=,v4wFI60q+Dwk26oQV+f5xC18APU=
-27,28,TjS/zZAdCtft1KgwWIN6jPCemww=,v4wFI60q+Dwk26oQV+f5xC18APU=
-25,30,TjS/zZAdCtft1KgwWIN6jPCemww=,M2/+plA6SX5oyFaL78aj3okKIps=
-26,28,TjS/zZAdCtft1KgwWIN6jPCemww=,eo6T08UxHUwPI43aelOLhJDkOf8=
-24,29,TjS/zZAdCtft1KgwWIN6jPCemww=,+NZEhOpXwOqgj6eTTGmhti3Rz2o=
-29,28,TjS/zZAdCtft1KgwWIN6jPCemww=,617RAa+cOXO0ZkC120aTkKcdIBk=
-28,25,TjS/zZAdCtft1KgwWIN6jPCemww=,HtT8HcxAuRC0smkIxs/1XhjQYPA=
-26,30,TjS/zZAdCtft1KgwWIN6jPCemww=,M2/+plA6SX5oyFaL78aj3okKIps=
-28,26,TjS/zZAdCtft1KgwWIN6jPCemww=,gdfMD8LqSfk+BrlnoNnAeXoLVJI=
-29,26,TjS/zZAdCtft1KgwWIN6jPCemww=,M2/+plA6SX5oyFaL78aj3okKIps=
-24,28,TjS/zZAdCtft1KgwWIN6jPCemww=,+NZEhOpXwOqgj6eTTGmhti3Rz2o=
-25,28,TjS/zZAdCtft1KgwWIN6jPCemww=,eo6T08UxHUwPI43aelOLhJDkOf8=
-28,23,TjS/zZAdCtft1KgwWIN6jPCemww=,JYmGOx4sPqzuymJYlxa06JY1MmA=
-29,25,TjS/zZAdCtft1KgwWIN6jPCemww=,c5oCYuUs/4R0hIDAbIY8etHpm7o=
-25,29,TjS/zZAdCtft1KgwWIN6jPCemww=,eo6T08UxHUwPI43aelOLhJDkOf8=
-27,30,TjS/zZAdCtft1KgwWIN6jPCemww=,HOqsm4CYsjdWOElW+fwG5qFHiqs=
-26,29,TjS/zZAdCtft1KgwWIN6jPCemww=,eo6T08UxHUwPI43aelOLhJDkOf8=
-22,17,TjS/zZAdCtft1KgwWIN6jPCemww=,B5bUncqeDh0vR8QjXjNMLFtyyJQ=
-23,20,TjS/zZAdCtft1KgwWIN6jPCemww=,VQJelQayN6lsK6W9HIHYQCnpbho=
-24,30,TjS/zZAdCtft1KgwWIN6jPCemww=,qJOEyy5heUFfeu8JGUng5pvjgZQ=
-24,26,TjS/zZAdCtft1KgwWIN6jPCemww=,MD4nTUyKcLCQXJ8S6nVjBrwxlTE=
-29,23,TjS/zZAdCtft1KgwWIN6jPCemww=,B5bUncqeDh0vR8QjXjNMLFtyyJQ=
-24,20,TjS/zZAdCtft1KgwWIN6jPCemww=,VQJelQayN6lsK6W9HIHYQCnpbho=
-29,22,TjS/zZAdCtft1KgwWIN6jPCemww=,B5bUncqeDh0vR8QjXjNMLFtyyJQ=
-25,26,TjS/zZAdCtft1KgwWIN6jPCemww=,EAPOT0ZAIqQOy+iCbldzO9nj7WY=
-25,19,TjS/zZAdCtft1KgwWIN6jPCemww=,7lm8d3vy4QvqdY2+Q36L5u38WSM=
-27,26,TjS/zZAdCtft1KgwWIN6jPCemww=,gdfMD8LqSfk+BrlnoNnAeXoLVJI=
-26,22,TjS/zZAdCtft1KgwWIN6jPCemww=,gtnRI3/UXv9Qtwe9C1b649qEx1w=
-22,18,TjS/zZAdCtft1KgwWIN6jPCemww=,lVvDgF0ZlZ4027P1XVZ201gf9DA=
-25,18,TjS/zZAdCtft1KgwWIN6jPCemww=,7lm8d3vy4QvqdY2+Q36L5u38WSM=
-24,19,TjS/zZAdCtft1KgwWIN6jPCemww=,lD8G9qyKooplyjsSE/i/gpp7LVE=
-28,22,TjS/zZAdCtft1KgwWIN6jPCemww=,JYmGOx4sPqzuymJYlxa06JY1MmA=
-25,20,TjS/zZAdCtft1KgwWIN6jPCemww=,XT2AGGdNJK+mk/cO2+fA17bofNY=
-27,25,TjS/zZAdCtft1KgwWIN6jPCemww=,HtT8HcxAuRC0smkIxs/1XhjQYPA=
-23,17,TjS/zZAdCtft1KgwWIN6jPCemww=,30Xie9cicQXXqR1mc6kAOD1D9mQ=
-26,21,TjS/zZAdCtft1KgwWIN6jPCemww=,XT2AGGdNJK+mk/cO2+fA17bofNY=
-24,17,TjS/zZAdCtft1KgwWIN6jPCemww=,30Xie9cicQXXqR1mc6kAOD1D9mQ=
-24,23,TjS/zZAdCtft1KgwWIN6jPCemww=,GskVkD+NJj4+ag0WXsV+VeWk154=
-22,19,TjS/zZAdCtft1KgwWIN6jPCemww=,lVvDgF0ZlZ4027P1XVZ201gf9DA=
-28,24,TjS/zZAdCtft1KgwWIN6jPCemww=,HtT8HcxAuRC0smkIxs/1XhjQYPA=
-27,21,TjS/zZAdCtft1KgwWIN6jPCemww=,LL0rEUIcYby7VDBTWSHdzvaiovE=
-22,20,TjS/zZAdCtft1KgwWIN6jPCemww=,cqGNA0fx8y/u1BFgfYVV4IVI3p4=
-25,25,TjS/zZAdCtft1KgwWIN6jPCemww=,DcfZqF2RvXcSX31feAZov9X5EhA=
-23,18,TjS/zZAdCtft1KgwWIN6jPCemww=,lD8G9qyKooplyjsSE/i/gpp7LVE=
-27,22,TjS/zZAdCtft1KgwWIN6jPCemww=,JYmGOx4sPqzuymJYlxa06JY1MmA=
-25,24,TjS/zZAdCtft1KgwWIN6jPCemww=,DcfZqF2RvXcSX31feAZov9X5EhA=
-24,18,TjS/zZAdCtft1KgwWIN6jPCemww=,lD8G9qyKooplyjsSE/i/gpp7LVE=
-23,19,TjS/zZAdCtft1KgwWIN6jPCemww=,lD8G9qyKooplyjsSE/i/gpp7LVE=
-25,17,TjS/zZAdCtft1KgwWIN6jPCemww=,erhLier28yQSs4FxRD0DAFV6jmk=
-27,23,TjS/zZAdCtft1KgwWIN6jPCemww=,JYmGOx4sPqzuymJYlxa06JY1MmA=
-29,24,TjS/zZAdCtft1KgwWIN6jPCemww=,c5oCYuUs/4R0hIDAbIY8etHpm7o=
-26,24,TjS/zZAdCtft1KgwWIN6jPCemww=,DcfZqF2RvXcSX31feAZov9X5EhA=
-28,21,TjS/zZAdCtft1KgwWIN6jPCemww=,LL0rEUIcYby7VDBTWSHdzvaiovE=
-29,21,TjS/zZAdCtft1KgwWIN6jPCemww=,p1Zd2kxu5TlayjTQjUYiW0jHRNY=
-25,23,TjS/zZAdCtft1KgwWIN6jPCemww=,gtnRI3/UXv9Qtwe9C1b649qEx1w=
-27,24,TjS/zZAdCtft1KgwWIN6jPCemww=,HtT8HcxAuRC0smkIxs/1XhjQYPA=
-24,25,TjS/zZAdCtft1KgwWIN6jPCemww=,GxjGi6GIccMTrVrOizRlXQEoUhU=
-26,23,pY43eTdhKX7qbITlxcl9mGz15XU=,gtnRI3/UXv9Qtwe9C1b649qEx1w=
-26,26,pY43eTdhKX7qbITlxcl9mGz15XU=,EAPOT0ZAIqQOy+iCbldzO9nj7WY=
-26,25,pY43eTdhKX7qbITlxcl9mGz15XU=,DcfZqF2RvXcSX31feAZov9X5EhA=
-24,24,pY43eTdhKX7qbITlxcl9mGz15XU=,GxjGi6GIccMTrVrOizRlXQEoUhU=
-17,0,6+bYTwwwWPn1bvIhdQ8T8fJuXWg=,7fJ4dLYpxIJmr22kJIuRfnh3PFA=
-18,0,6+bYTwwwWPn1bvIhdQ8T8fJuXWg=,7fJ4dLYpxIJmr22kJIuRfnh3PFA=
-17,2,6+bYTwwwWPn1bvIhdQ8T8fJuXWg=,HtT8HcxAuRC0smkIxs/1XhjQYPA=
-23,2,6+bYTwwwWPn1bvIhdQ8T8fJuXWg=,7mO/oa8oV570qui5WiryVvOpOGc=
-24,2,6+bYTwwwWPn1bvIhdQ8T8fJuXWg=,7mO/oa8oV570qui5WiryVvOpOGc=
-17,1,6+bYTwwwWPn1bvIhdQ8T8fJuXWg=,7fJ4dLYpxIJmr22kJIuRfnh3PFA=
-18,2,6+bYTwwwWPn1bvIhdQ8T8fJuXWg=,HtT8HcxAuRC0smkIxs/1XhjQYPA=
-18,1,6+bYTwwwWPn1bvIhdQ8T8fJuXWg=,7fJ4dLYpxIJmr22kJIuRfnh3PFA=
-17,4,6+bYTwwwWPn1bvIhdQ8T8fJuXWg=,7fJ4dLYpxIJmr22kJIuRfnh3PFA=
-17,9,6+bYTwwwWPn1bvIhdQ8T8fJuXWg=,kZIDx1qhi3SQCsLhj6LyZt25or4=
-18,4,6+bYTwwwWPn1bvIhdQ8T8fJuXWg=,7fJ4dLYpxIJmr22kJIuRfnh3PFA=
-19,4,6+bYTwwwWPn1bvIhdQ8T8fJuXWg=,eG4kPYpUjt8clOk0ddwgC/HgzNU=
-17,10,6+bYTwwwWPn1bvIhdQ8T8fJuXWg=,TDL1wEFhKpFdaJ33g5lefBCse0Q=
-17,3,6+bYTwwwWPn1bvIhdQ8T8fJuXWg=,HtT8HcxAuRC0smkIxs/1XhjQYPA=
-17,11,6+bYTwwwWPn1bvIhdQ8T8fJuXWg=,TDL1wEFhKpFdaJ33g5lefBCse0Q=
-18,3,6+bYTwwwWPn1bvIhdQ8T8fJuXWg=,HtT8HcxAuRC0smkIxs/1XhjQYPA=
-17,12,6+bYTwwwWPn1bvIhdQ8T8fJuXWg=,25otCoAjp74zWqzrQ6xt0keVlF0=
-17,5,SzKe1Kinr8YZMrG2oKaSjNTR8bo=,7fJ4dLYpxIJmr22kJIuRfnh3PFA=
-17,7,SzKe1Kinr8YZMrG2oKaSjNTR8bo=,ILD6qPHEIKUBn2Qq91rZpNBrkz0=
-17,6,SzKe1Kinr8YZMrG2oKaSjNTR8bo=,ILD6qPHEIKUBn2Qq91rZpNBrkz0=
-19,12,SzKe1Kinr8YZMrG2oKaSjNTR8bo=,7w0fOed37UtXK/NTaRv68PklTAo=
-18,12,SzKe1Kinr8YZMrG2oKaSjNTR8bo=,25otCoAjp74zWqzrQ6xt0keVlF0=
-18,11,SzKe1Kinr8YZMrG2oKaSjNTR8bo=,TDL1wEFhKpFdaJ33g5lefBCse0Q=
-19,11,SzKe1Kinr8YZMrG2oKaSjNTR8bo=,iR75IHh8Z/J56uUtro6yliybdtY=
-17,8,SzKe1Kinr8YZMrG2oKaSjNTR8bo=,kZIDx1qhi3SQCsLhj6LyZt25or4=
-21,11,SzKe1Kinr8YZMrG2oKaSjNTR8bo=,5X+7CpvLlR7nEofho+5mgAfDhVw=
-20,11,SzKe1Kinr8YZMrG2oKaSjNTR8bo=,iR75IHh8Z/J56uUtro6yliybdtY=
-22,11,SzKe1Kinr8YZMrG2oKaSjNTR8bo=,5X+7CpvLlR7nEofho+5mgAfDhVw=
-20,12,SzKe1Kinr8YZMrG2oKaSjNTR8bo=,7w0fOed37UtXK/NTaRv68PklTAo=
-23,12,SzKe1Kinr8YZMrG2oKaSjNTR8bo=,cpUYTT6jXadq25myrZeTwXhK9G8=
-23,15,SzKe1Kinr8YZMrG2oKaSjNTR8bo=,DjZKl67MwjYNnRO+7gEZJ7i4hns=
-22,15,SzKe1Kinr8YZMrG2oKaSjNTR8bo=,GeYLK3YYHixMLN0TsAUs9PBYT0c=
-23,14,SzKe1Kinr8YZMrG2oKaSjNTR8bo=,DjZKl67MwjYNnRO+7gEZJ7i4hns=
-23,11,SzKe1Kinr8YZMrG2oKaSjNTR8bo=,m3K1uE1ZWnb7NugWJ+5aF6WooRg=
-23,13,SzKe1Kinr8YZMrG2oKaSjNTR8bo=,cpUYTT6jXadq25myrZeTwXhK9G8=
-22,14,SzKe1Kinr8YZMrG2oKaSjNTR8bo=,GeYLK3YYHixMLN0TsAUs9PBYT0c=
-17,14,SzKe1Kinr8YZMrG2oKaSjNTR8bo=,d/JbSDrZMvZrSolRwwpE0/JSB0Y=
-19,15,SzKe1Kinr8YZMrG2oKaSjNTR8bo=,1iPW0gBj6gv7LggJ/EUJtBpnX3k=
-17,15,SzKe1Kinr8YZMrG2oKaSjNTR8bo=,d/JbSDrZMvZrSolRwwpE0/JSB0Y=
-18,14,SzKe1Kinr8YZMrG2oKaSjNTR8bo=,d/JbSDrZMvZrSolRwwpE0/JSB0Y=
-17,13,SzKe1Kinr8YZMrG2oKaSjNTR8bo=,25otCoAjp74zWqzrQ6xt0keVlF0=
-20,15,SzKe1Kinr8YZMrG2oKaSjNTR8bo=,1iPW0gBj6gv7LggJ/EUJtBpnX3k=
-19,13,SzKe1Kinr8YZMrG2oKaSjNTR8bo=,7w0fOed37UtXK/NTaRv68PklTAo=
-31,15,SzKe1Kinr8YZMrG2oKaSjNTR8bo=,XbFScnllwtOVrWxJsrT6rShkYWQ=
-19,14,SzKe1Kinr8YZMrG2oKaSjNTR8bo=,1iPW0gBj6gv7LggJ/EUJtBpnX3k=
-18,15,k8U5XfH6z9Ymh3Gdk3FhN9+WBjU=,d/JbSDrZMvZrSolRwwpE0/JSB0Y=
-32,15,k8U5XfH6z9Ymh3Gdk3FhN9+WBjU=,XbFScnllwtOVrWxJsrT6rShkYWQ=
-30,15,k8U5XfH6z9Ymh3Gdk3FhN9+WBjU=,iXpMn14eSyTOsPyyWlhnSkBK8cs=
-18,13,k8U5XfH6z9Ymh3Gdk3FhN9+WBjU=,25otCoAjp74zWqzrQ6xt0keVlF0=
-32,13,k8U5XfH6z9Ymh3Gdk3FhN9+WBjU=,hsH7LTcd/JyJiE7Hz/reF8xRetw=
-21,15,k8U5XfH6z9Ymh3Gdk3FhN9+WBjU=,GeYLK3YYHixMLN0TsAUs9PBYT0c=
-20,14,k8U5XfH6z9Ymh3Gdk3FhN9+WBjU=,1iPW0gBj6gv7LggJ/EUJtBpnX3k=
-20,13,k8U5XfH6z9Ymh3Gdk3FhN9+WBjU=,7w0fOed37UtXK/NTaRv68PklTAo=
-21,14,k8U5XfH6z9Ymh3Gdk3FhN9+WBjU=,GeYLK3YYHixMLN0TsAUs9PBYT0c=
-31,13,k8U5XfH6z9Ymh3Gdk3FhN9+WBjU=,hsH7LTcd/JyJiE7Hz/reF8xRetw=
-32,14,k8U5XfH6z9Ymh3Gdk3FhN9+WBjU=,XbFScnllwtOVrWxJsrT6rShkYWQ=
-30,14,k8U5XfH6z9Ymh3Gdk3FhN9+WBjU=,iXpMn14eSyTOsPyyWlhnSkBK8cs=
-31,14,k8U5XfH6z9Ymh3Gdk3FhN9+WBjU=,XbFScnllwtOVrWxJsrT6rShkYWQ=
-30,13,k8U5XfH6z9Ymh3Gdk3FhN9+WBjU=,8NpFQFCS47InUE9OXuzDDrVG1GA=
-32,11,k8U5XfH6z9Ymh3Gdk3FhN9+WBjU=,RyVzsexj5D3boCpz0/6Zf0U4+u0=
-32,12,k8U5XfH6z9Ymh3Gdk3FhN9+WBjU=,hsH7LTcd/JyJiE7Hz/reF8xRetw=
-31,11,k8U5XfH6z9Ymh3Gdk3FhN9+WBjU=,RyVzsexj5D3boCpz0/6Zf0U4+u0=
-32,9,k8U5XfH6z9Ymh3Gdk3FhN9+WBjU=,+E/ojjSqok5UIHB55aIr+oj3ZsE=
-31,12,k8U5XfH6z9Ymh3Gdk3FhN9+WBjU=,hsH7LTcd/JyJiE7Hz/reF8xRetw=
-30,11,p/5J2qInMno2pWJK5VH3Ss68LP0=,B5bUncqeDh0vR8QjXjNMLFtyyJQ=
-32,10,p/5J2qInMno2pWJK5VH3Ss68LP0=,RyVzsexj5D3boCpz0/6Zf0U4+u0=
-31,9,p/5J2qInMno2pWJK5VH3Ss68LP0=,+E/ojjSqok5UIHB55aIr+oj3ZsE=
-30,12,p/5J2qInMno2pWJK5VH3Ss68LP0=,8NpFQFCS47InUE9OXuzDDrVG1GA=
-30,9,p/5J2qInMno2pWJK5VH3Ss68LP0=,rtWBnXvrtDFZCdPC4lcnNQIDNaQ=
-31,10,p/5J2qInMno2pWJK5VH3Ss68LP0=,RyVzsexj5D3boCpz0/6Zf0U4+u0=
-30,10,p/5J2qInMno2pWJK5VH3Ss68LP0=,B5bUncqeDh0vR8QjXjNMLFtyyJQ=
-32,7,p/5J2qInMno2pWJK5VH3Ss68LP0=,wgV6NDXbQTlE18Rjs3rZrBfp4Q8=
-32,8,p/5J2qInMno2pWJK5VH3Ss68LP0=,+E/ojjSqok5UIHB55aIr+oj3ZsE=
-32,6,N+opru5PdQ8f80JS3udXOYlt58o=,wgV6NDXbQTlE18Rjs3rZrBfp4Q8=
-32,5,N+opru5PdQ8f80JS3udXOYlt58o=,30Xie9cicQXXqR1mc6kAOD1D9mQ=
-30,7,N+opru5PdQ8f80JS3udXOYlt58o=,uFwGHz4GpxuO4arHr7ikHP8NPnw=
-30,5,N+opru5PdQ8f80JS3udXOYlt58o=,Hj1PZQ9fCoVVe0VUJ/dpcq9tg+g=
-31,5,N+opru5PdQ8f80JS3udXOYlt58o=,30Xie9cicQXXqR1mc6kAOD1D9mQ=
-29,5,N+opru5PdQ8f80JS3udXOYlt58o=,Hj1PZQ9fCoVVe0VUJ/dpcq9tg+g=
-31,8,N+opru5PdQ8f80JS3udXOYlt58o=,+E/ojjSqok5UIHB55aIr+oj3ZsE=
-28,5,N+opru5PdQ8f80JS3udXOYlt58o=,cPbZ0IHrDpsX/bgGDygLZD7S4UM=
-30,6,N+opru5PdQ8f80JS3udXOYlt58o=,uFwGHz4GpxuO4arHr7ikHP8NPnw=
-32,0,N+opru5PdQ8f80JS3udXOYlt58o=,TL0drG7Ms8Dd8Ci4VtTzpZRFAM4=
-29,6,N+opru5PdQ8f80JS3udXOYlt58o=,uFwGHz4GpxuO4arHr7ikHP8NPnw=
-30,8,N+opru5PdQ8f80JS3udXOYlt58o=,rtWBnXvrtDFZCdPC4lcnNQIDNaQ=
-32,1,N+opru5PdQ8f80JS3udXOYlt58o=,TL0drG7Ms8Dd8Ci4VtTzpZRFAM4=
-31,0,N+opru5PdQ8f80JS3udXOYlt58o=,TL0drG7Ms8Dd8Ci4VtTzpZRFAM4=
-31,6,N+opru5PdQ8f80JS3udXOYlt58o=,wgV6NDXbQTlE18Rjs3rZrBfp4Q8=
-32,4,N+opru5PdQ8f80JS3udXOYlt58o=,30Xie9cicQXXqR1mc6kAOD1D9mQ=
-28,6,N+opru5PdQ8f80JS3udXOYlt58o=,oOt6NDwcIM7ge0ERiMmxk712mnU=
-29,0,N+opru5PdQ8f80JS3udXOYlt58o=,JueAUSurwBo0PmJdW3l+QsaCXoQ=
-30,0,R9uSPpPv+qpdab3FO4IlGtd2q28=,JueAUSurwBo0PmJdW3l+QsaCXoQ=
-31,7,R9uSPpPv+qpdab3FO4IlGtd2q28=,wgV6NDXbQTlE18Rjs3rZrBfp4Q8=
-32,3,R9uSPpPv+qpdab3FO4IlGtd2q28=,Nxdeu0q2pLr3ebmBIMzTpMdWZFo=
-23,3,R9uSPpPv+qpdab3FO4IlGtd2q28=,7mO/oa8oV570qui5WiryVvOpOGc=
-31,1,R9uSPpPv+qpdab3FO4IlGtd2q28=,TL0drG7Ms8Dd8Ci4VtTzpZRFAM4=
-24,3,R9uSPpPv+qpdab3FO4IlGtd2q28=,7mO/oa8oV570qui5WiryVvOpOGc=
-23,4,R9uSPpPv+qpdab3FO4IlGtd2q28=,7mO/oa8oV570qui5WiryVvOpOGc=
-24,4,R9uSPpPv+qpdab3FO4IlGtd2q28=,7mO/oa8oV570qui5WiryVvOpOGc=
-27,4,R9uSPpPv+qpdab3FO4IlGtd2q28=,cPbZ0IHrDpsX/bgGDygLZD7S4UM=
-25,4,R9uSPpPv+qpdab3FO4IlGtd2q28=,4uqj0KZ+ce5UIze9+wj1IDf/4m8=
-32,2,R9uSPpPv+qpdab3FO4IlGtd2q28=,Nxdeu0q2pLr3ebmBIMzTpMdWZFo=
-31,4,R9uSPpPv+qpdab3FO4IlGtd2q28=,30Xie9cicQXXqR1mc6kAOD1D9mQ=
-26,4,R9uSPpPv+qpdab3FO4IlGtd2q28=,4uqj0KZ+ce5UIze9+wj1IDf/4m8=
-29,3,R9uSPpPv+qpdab3FO4IlGtd2q28=,c5oCYuUs/4R0hIDAbIY8etHpm7o=
-30,3,R9uSPpPv+qpdab3FO4IlGtd2q28=,c5oCYuUs/4R0hIDAbIY8etHpm7o=
-29,4,R9uSPpPv+qpdab3FO4IlGtd2q28=,Hj1PZQ9fCoVVe0VUJ/dpcq9tg+g=
-29,2,R9uSPpPv+qpdab3FO4IlGtd2q28=,c5oCYuUs/4R0hIDAbIY8etHpm7o=
-30,2,R9uSPpPv+qpdab3FO4IlGtd2q28=,c5oCYuUs/4R0hIDAbIY8etHpm7o=
-31,3,R9uSPpPv+qpdab3FO4IlGtd2q28=,Nxdeu0q2pLr3ebmBIMzTpMdWZFo=
-29,1,R9uSPpPv+qpdab3FO4IlGtd2q28=,JueAUSurwBo0PmJdW3l+QsaCXoQ=
-30,1,R9uSPpPv+qpdab3FO4IlGtd2q28=,JueAUSurwBo0PmJdW3l+QsaCXoQ=
-31,2,R9uSPpPv+qpdab3FO4IlGtd2q28=,Nxdeu0q2pLr3ebmBIMzTpMdWZFo=
-28,4,R9uSPpPv+qpdab3FO4IlGtd2q28=,cPbZ0IHrDpsX/bgGDygLZD7S4UM=
-26,6,R9uSPpPv+qpdab3FO4IlGtd2q28=,BFQghk3KpMBHPWRUzHxWJUxkRdA=
-27,5,R9uSPpPv+qpdab3FO4IlGtd2q28=,cPbZ0IHrDpsX/bgGDygLZD7S4UM=
-30,4,R9uSPpPv+qpdab3FO4IlGtd2q28=,Hj1PZQ9fCoVVe0VUJ/dpcq9tg+g=
-26,5,R9uSPpPv+qpdab3FO4IlGtd2q28=,4uqj0KZ+ce5UIze9+wj1IDf/4m8=
-27,6,R9uSPpPv+qpdab3FO4IlGtd2q28=,oOt6NDwcIM7ge0ERiMmxk712mnU=
-23,5,5Z6RP3HXDxaERgD0eje8sVFxeN0=,7mO/oa8oV570qui5WiryVvOpOGc=
-24,5,5Z6RP3HXDxaERgD0eje8sVFxeN0=,7mO/oa8oV570qui5WiryVvOpOGc=
-25,6,5Z6RP3HXDxaERgD0eje8sVFxeN0=,BFQghk3KpMBHPWRUzHxWJUxkRdA=
-25,5,5Z6RP3HXDxaERgD0eje8sVFxeN0=,4uqj0KZ+ce5UIze9+wj1IDf/4m8=
-22,6,5Z6RP3HXDxaERgD0eje8sVFxeN0=,R2BmkQ+Dz5Ucg80Tn0zYqjAphCw=
-23,6,5Z6RP3HXDxaERgD0eje8sVFxeN0=,Es+a2pZsH2ingydSpWMeir22rZ0=
-24,6,5Z6RP3HXDxaERgD0eje8sVFxeN0=,Es+a2pZsH2ingydSpWMeir22rZ0=
-25,7,5Z6RP3HXDxaERgD0eje8sVFxeN0=,BFQghk3KpMBHPWRUzHxWJUxkRdA=
-25,10,5Z6RP3HXDxaERgD0eje8sVFxeN0=,Z8sglraV8RaXlNav30fE4KZmihg=
-24,9,5Z6RP3HXDxaERgD0eje8sVFxeN0=,lVvDgF0ZlZ4027P1XVZ201gf9DA=
-24,8,rdx/4NB1Yq83GSkGMNsf4bwA82g=,lVvDgF0ZlZ4027P1XVZ201gf9DA=
-29,15,rdx/4NB1Yq83GSkGMNsf4bwA82g=,iXpMn14eSyTOsPyyWlhnSkBK8cs=
-28,15,rdx/4NB1Yq83GSkGMNsf4bwA82g=,JDYEfkOaJ/NHk0qTpZa78f48LjA=
-24,7,rdx/4NB1Yq83GSkGMNsf4bwA82g=,Es+a2pZsH2ingydSpWMeir22rZ0=
-25,15,rdx/4NB1Yq83GSkGMNsf4bwA82g=,nTkyQ9N60kuA0xQaFyIBu2AyAHQ=
-27,15,rdx/4NB1Yq83GSkGMNsf4bwA82g=,JDYEfkOaJ/NHk0qTpZa78f48LjA=
-29,7,rdx/4NB1Yq83GSkGMNsf4bwA82g=,uFwGHz4GpxuO4arHr7ikHP8NPnw=
-24,15,rdx/4NB1Yq83GSkGMNsf4bwA82g=,DjZKl67MwjYNnRO+7gEZJ7i4hns=
-25,9,rdx/4NB1Yq83GSkGMNsf4bwA82g=,UF1AZUm1JEXx2dWJsp4h8cfeXIU=
-26,15,rdx/4NB1Yq83GSkGMNsf4bwA82g=,nTkyQ9N60kuA0xQaFyIBu2AyAHQ=
-28,11,rdx/4NB1Yq83GSkGMNsf4bwA82g=,e3M2YOGfzAPQTXHPOoPXwaaJ+Ck=
-29,9,rdx/4NB1Yq83GSkGMNsf4bwA82g=,rtWBnXvrtDFZCdPC4lcnNQIDNaQ=
-29,14,rdx/4NB1Yq83GSkGMNsf4bwA82g=,iXpMn14eSyTOsPyyWlhnSkBK8cs=
-25,8,rdx/4NB1Yq83GSkGMNsf4bwA82g=,UF1AZUm1JEXx2dWJsp4h8cfeXIU=
-26,7,rdx/4NB1Yq83GSkGMNsf4bwA82g=,BFQghk3KpMBHPWRUzHxWJUxkRdA=
-29,13,rdx/4NB1Yq83GSkGMNsf4bwA82g=,8NpFQFCS47InUE9OXuzDDrVG1GA=
-24,10,rdx/4NB1Yq83GSkGMNsf4bwA82g=,m3K1uE1ZWnb7NugWJ+5aF6WooRg=
-27,11,rdx/4NB1Yq83GSkGMNsf4bwA82g=,e3M2YOGfzAPQTXHPOoPXwaaJ+Ck=
-29,11,rdx/4NB1Yq83GSkGMNsf4bwA82g=,B5bUncqeDh0vR8QjXjNMLFtyyJQ=
-27,7,rdx/4NB1Yq83GSkGMNsf4bwA82g=,oOt6NDwcIM7ge0ERiMmxk712mnU=
-21,6,rdx/4NB1Yq83GSkGMNsf4bwA82g=,R2BmkQ+Dz5Ucg80Tn0zYqjAphCw=
-25,11,rdx/4NB1Yq83GSkGMNsf4bwA82g=,Z8sglraV8RaXlNav30fE4KZmihg=
-19,5,rdx/4NB1Yq83GSkGMNsf4bwA82g=,eG4kPYpUjt8clOk0ddwgC/HgzNU=
-25,13,rdx/4NB1Yq83GSkGMNsf4bwA82g=,RrJspzz8S/n8R/QCsP7KqOf9Dis=
-20,5,rdx/4NB1Yq83GSkGMNsf4bwA82g=,eG4kPYpUjt8clOk0ddwgC/HgzNU=
-19,6,rdx/4NB1Yq83GSkGMNsf4bwA82g=,rVUZJfr1TfFwxKjUN4v9ctzW9Yk=
-18,5,rdx/4NB1Yq83GSkGMNsf4bwA82g=,7fJ4dLYpxIJmr22kJIuRfnh3PFA=
-26,13,rdx/4NB1Yq83GSkGMNsf4bwA82g=,RrJspzz8S/n8R/QCsP7KqOf9Dis=
-27,9,rdx/4NB1Yq83GSkGMNsf4bwA82g=,8He17JM6NPP6DJBPJdBFU2w7vvc=
-28,13,rdx/4NB1Yq83GSkGMNsf4bwA82g=,zS6x3GdIa8a9EJt3tUPWs3onab8=
-25,12,rdx/4NB1Yq83GSkGMNsf4bwA82g=,RrJspzz8S/n8R/QCsP7KqOf9Dis=
-20,6,rdx/4NB1Yq83GSkGMNsf4bwA82g=,rVUZJfr1TfFwxKjUN4v9ctzW9Yk=
-24,13,rdx/4NB1Yq83GSkGMNsf4bwA82g=,cpUYTT6jXadq25myrZeTwXhK9G8=
-18,6,rdx/4NB1Yq83GSkGMNsf4bwA82g=,ILD6qPHEIKUBn2Qq91rZpNBrkz0=
-29,8,rdx/4NB1Yq83GSkGMNsf4bwA82g=,rtWBnXvrtDFZCdPC4lcnNQIDNaQ=
-26,12,rdx/4NB1Yq83GSkGMNsf4bwA82g=,RrJspzz8S/n8R/QCsP7KqOf9Dis=
-29,12,rdx/4NB1Yq83GSkGMNsf4bwA82g=,8NpFQFCS47InUE9OXuzDDrVG1GA=
-26,11,rdx/4NB1Yq83GSkGMNsf4bwA82g=,Z8sglraV8RaXlNav30fE4KZmihg=
-28,12,rdx/4NB1Yq83GSkGMNsf4bwA82g=,zS6x3GdIa8a9EJt3tUPWs3onab8=
-28,7,rdx/4NB1Yq83GSkGMNsf4bwA82g=,oOt6NDwcIM7ge0ERiMmxk712mnU=
-24,14,rdx/4NB1Yq83GSkGMNsf4bwA82g=,DjZKl67MwjYNnRO+7gEZJ7i4hns=
-24,12,rdx/4NB1Yq83GSkGMNsf4bwA82g=,cpUYTT6jXadq25myrZeTwXhK9G8=
-28,14,rdx/4NB1Yq83GSkGMNsf4bwA82g=,JDYEfkOaJ/NHk0qTpZa78f48LjA=
-26,10,rdx/4NB1Yq83GSkGMNsf4bwA82g=,Z8sglraV8RaXlNav30fE4KZmihg=
-24,11,rdx/4NB1Yq83GSkGMNsf4bwA82g=,m3K1uE1ZWnb7NugWJ+5aF6WooRg=
-27,13,rdx/4NB1Yq83GSkGMNsf4bwA82g=,zS6x3GdIa8a9EJt3tUPWs3onab8=
-27,14,rdx/4NB1Yq83GSkGMNsf4bwA82g=,JDYEfkOaJ/NHk0qTpZa78f48LjA=
-27,10,rdx/4NB1Yq83GSkGMNsf4bwA82g=,e3M2YOGfzAPQTXHPOoPXwaaJ+Ck=
-19,7,rdx/4NB1Yq83GSkGMNsf4bwA82g=,rVUZJfr1TfFwxKjUN4v9ctzW9Yk=
-25,14,rdx/4NB1Yq83GSkGMNsf4bwA82g=,nTkyQ9N60kuA0xQaFyIBu2AyAHQ=
-19,8,rdx/4NB1Yq83GSkGMNsf4bwA82g=,F6QKHxEKmMpDHI5PDEjcFXE40aE=
-26,14,rdx/4NB1Yq83GSkGMNsf4bwA82g=,nTkyQ9N60kuA0xQaFyIBu2AyAHQ=
-18,7,rdx/4NB1Yq83GSkGMNsf4bwA82g=,ILD6qPHEIKUBn2Qq91rZpNBrkz0=
-19,9,rdx/4NB1Yq83GSkGMNsf4bwA82g=,F6QKHxEKmMpDHI5PDEjcFXE40aE=
-18,10,rdx/4NB1Yq83GSkGMNsf4bwA82g=,TDL1wEFhKpFdaJ33g5lefBCse0Q=
-18,9,rdx/4NB1Yq83GSkGMNsf4bwA82g=,kZIDx1qhi3SQCsLhj6LyZt25or4=
-19,10,rdx/4NB1Yq83GSkGMNsf4bwA82g=,iR75IHh8Z/J56uUtro6yliybdtY=
-27,12,rdx/4NB1Yq83GSkGMNsf4bwA82g=,zS6x3GdIa8a9EJt3tUPWs3onab8=
-18,8,rdx/4NB1Yq83GSkGMNsf4bwA82g=,kZIDx1qhi3SQCsLhj6LyZt25or4=
-28,9,rdx/4NB1Yq83GSkGMNsf4bwA82g=,8He17JM6NPP6DJBPJdBFU2w7vvc=
-28,10,rdx/4NB1Yq83GSkGMNsf4bwA82g=,e3M2YOGfzAPQTXHPOoPXwaaJ+Ck=
-23,9,rdx/4NB1Yq83GSkGMNsf4bwA82g=,lVvDgF0ZlZ4027P1XVZ201gf9DA=
-21,10,rdx/4NB1Yq83GSkGMNsf4bwA82g=,5X+7CpvLlR7nEofho+5mgAfDhVw=
-27,8,rdx/4NB1Yq83GSkGMNsf4bwA82g=,8He17JM6NPP6DJBPJdBFU2w7vvc=
-21,7,rdx/4NB1Yq83GSkGMNsf4bwA82g=,R2BmkQ+Dz5Ucg80Tn0zYqjAphCw=
-22,10,rdx/4NB1Yq83GSkGMNsf4bwA82g=,5X+7CpvLlR7nEofho+5mgAfDhVw=
-20,7,mffRUy5bfDbu+mYEW+SlNBOXNj0=,rVUZJfr1TfFwxKjUN4v9ctzW9Yk=
-26,9,mffRUy5bfDbu+mYEW+SlNBOXNj0=,UF1AZUm1JEXx2dWJsp4h8cfeXIU=
-29,10,mffRUy5bfDbu+mYEW+SlNBOXNj0=,B5bUncqeDh0vR8QjXjNMLFtyyJQ=
-23,8,mffRUy5bfDbu+mYEW+SlNBOXNj0=,lVvDgF0ZlZ4027P1XVZ201gf9DA=
-28,8,mffRUy5bfDbu+mYEW+SlNBOXNj0=,8He17JM6NPP6DJBPJdBFU2w7vvc=
-22,7,mffRUy5bfDbu+mYEW+SlNBOXNj0=,R2BmkQ+Dz5Ucg80Tn0zYqjAphCw=
-23,7,mffRUy5bfDbu+mYEW+SlNBOXNj0=,Es+a2pZsH2ingydSpWMeir22rZ0=
-26,8,mffRUy5bfDbu+mYEW+SlNBOXNj0=,UF1AZUm1JEXx2dWJsp4h8cfeXIU=
-20,10,mffRUy5bfDbu+mYEW+SlNBOXNj0=,iR75IHh8Z/J56uUtro6yliybdtY=
-20,9,mffRUy5bfDbu+mYEW+SlNBOXNj0=,F6QKHxEKmMpDHI5PDEjcFXE40aE=
-20,8,mffRUy5bfDbu+mYEW+SlNBOXNj0=,F6QKHxEKmMpDHI5PDEjcFXE40aE=
-23,10,mffRUy5bfDbu+mYEW+SlNBOXNj0=,m3K1uE1ZWnb7NugWJ+5aF6WooRg=
-21,9,mffRUy5bfDbu+mYEW+SlNBOXNj0=,8kuWKRIAgblLkxIlQ+606U5JBL0=
-22,9,mffRUy5bfDbu+mYEW+SlNBOXNj0=,8kuWKRIAgblLkxIlQ+606U5JBL0=
-21,8,mffRUy5bfDbu+mYEW+SlNBOXNj0=,8kuWKRIAgblLkxIlQ+606U5JBL0=
-22,8,mffRUy5bfDbu+mYEW+SlNBOXNj0=,8kuWKRIAgblLkxIlQ+606U5JBL0=
