22,0,MKCnpqHzYNgSiabLmINqnWca/Tg=,bhfzZqqeGTSw5cUZTsVnH4uv44s=
21,0,MKCnpqHzYNgSiabLmINqnWca/Tg=,+RdZP6G/dbJhtG2EAN0FwXNzpFA=
23,0,MKCnpqHzYNgSiabLmINqnWca/Tg=,bhfzZqqeGTSw5cUZTsVnH4uv44s=
24,0,MKCnpqHzYNgSiabLmINqnWca/Tg=,rVUZJfr1TfFwxKjUN4v9ctzW9Yk=
25,0,MKCnpqHzYNgSiabLmINqnWca/Tg=,rVUZJfr1TfFwxKjUN4v9ctzW9Yk=
19,0,MKCnpqHzYNgSiabLmINqnWca/Tg=,Fl7xni6EiYCFbdhQGLuGWZvn3z4=
20,0,MKCnpqHzYNgSiabLmINqnWca/Tg=,+RdZP6G/dbJhtG2EAN0FwXNzpFA=
18,0,TXkAIab3Y7vQz4XvKgozE1sqEdM=,Fl7xni6EiYCFbdhQGLuGWZvn3z4=
16,0,TXkAIab3Y7vQz4XvKgozE1sqEdM=,pIHG9OV0M9apFwmEHpXblag8/Mw=
17,0,TXkAIab3Y7vQz4XvKgozE1sqEdM=,pIHG9OV0M9apFwmEHpXblag8/Mw=
16,1,TXkAIab3Y7vQz4XvKgozE1sqEdM=,pIHG9OV0M9apFwmEHpXblag8/Mw=
16,2,TXkAIab3Y7vQz4XvKgozE1sqEdM=,XT2AGGdNJK+mk/cO2+fA17bofNY=
18,1,TXkAIab3Y7vQz4XvKgozE1sqEdM=,Fl7xni6EiYCFbdhQGLuGWZvn3z4=
18,2,TXkAIab3Y7vQz4XvKgozE1sqEdM=,RrJspzz8S/n8R/QCsP7KqOf9Dis=
17,1,TXkAIab3Y7vQz4XvKgozE1sqEdM=,pIHG9OV0M9apFwmEHpXblag8/Mw=
17,2,TXkAIab3Y7vQz4XvKgozE1sqEdM=,XT2AGGdNJK+mk/cO2+fA17bofNY=
16,3,U2nhT+B49W61tWjU5Md2kpoMJQw=,XT2AGGdNJK+mk/cO2+fA17bofNY=
16,4,U2nhT+B49W61tWjU5Md2kpoMJQw=,TUhHzipkKpp1iHO/ln2lFoHuZos=
18,4,U2nhT+B49W61tWjU5Md2kpoMJQw=,w/uwXQGcYWq5lGpdUIoUv0OjWDs=
18,3,U2nhT+B49W61tWjU5Md2kpoMJQw=,RrJspzz8S/n8R/QCsP7KqOf9Dis=
17,3,U2nhT+B49W61tWjU5Md2kpoMJQw=,XT2AGGdNJK+mk/cO2+fA17bofNY=
17,4,U2nhT+B49W61tWjU5Md2kpoMJQw=,TUhHzipkKpp1iHO/ln2lFoHuZos=
16,6,pe3JbjyrrAlD17KJQM9h0x/GJJc=,0LlczlhbsDGDdmE6YHF8WhypFBE=
16,5,pe3JbjyrrAlD17KJQM9h0x/GJJc=,TUhHzipkKpp1iHO/ln2lFoHuZos=
18,6,pe3JbjyrrAlD17KJQM9h0x/GJJc=,krmaPcZo66hfYa7mtTGKhIbBOK8=
18,5,pe3JbjyrrAlD17KJQM9h0x/GJJc=,w/uwXQGcYWq5lGpdUIoUv0OjWDs=
17,6,pe3JbjyrrAlD17KJQM9h0x/GJJc=,0LlczlhbsDGDdmE6YHF8WhypFBE=
17,5,pe3JbjyrrAlD17KJQM9h0x/GJJc=,TUhHzipkKpp1iHO/ln2lFoHuZos=
18,7,pe3JbjyrrAlD17KJQM9h0x/GJJc=,krmaPcZo66hfYa7mtTGKhIbBOK8=
18,8,pe3JbjyrrAlD17KJQM9h0x/GJJc=,Nm6z0Ui676q8Er6tWvD4Q71KQE0=
16,7,pe3JbjyrrAlD17KJQM9h0x/GJJc=,0LlczlhbsDGDdmE6YHF8WhypFBE=
17,7,pe3JbjyrrAlD17KJQM9h0x/GJJc=,0LlczlhbsDGDdmE6YHF8WhypFBE=
16,8,pe3JbjyrrAlD17KJQM9h0x/GJJc=,PGth5lNb8VEVv37yKYluNHI/3qc=
17,8,pe3JbjyrrAlD17KJQM9h0x/GJJc=,PGth5lNb8VEVv37yKYluNHI/3qc=
16,13,ezKkf50Zzuz9MCR8DqdjEZIHujM=,gtT4f4BMrBSOLv0vDYBfA1SRGxM=
16,14,ezKkf50Zzuz9MCR8DqdjEZIHujM=,DUvGGWafD7I8JVjeWlFIY+XX2uk=
16,15,ezKkf50Zzuz9MCR8DqdjEZIHujM=,DUvGGWafD7I8JVjeWlFIY+XX2uk=
16,12,H6znm2dIHhSZ064tsBBCPLofBSo=,gtT4f4BMrBSOLv0vDYBfA1SRGxM=
16,10,H6znm2dIHhSZ064tsBBCPLofBSo=,r0yjvrky0jTQALuuQ9HKPtFfu0c=
16,11,H6znm2dIHhSZ064tsBBCPLofBSo=,r0yjvrky0jTQALuuQ9HKPtFfu0c=
16,9,H6znm2dIHhSZ064tsBBCPLofBSo=,PGth5lNb8VEVv37yKYluNHI/3qc=
18,15,H6znm2dIHhSZ064tsBBCPLofBSo=,vZ+xK0Mi8Ux9p/FjJnG/9enUdv4=
17,15,H6znm2dIHhSZ064tsBBCPLofBSo=,DUvGGWafD7I8JVjeWlFIY+XX2uk=
18,13,i+3CjOM0O5D50P/Z1FumV7bv3YI=,EAPOT0ZAIqQOy+iCbldzO9nj7WY=
18,14,i+3CjOM0O5D50P/Z1FumV7bv3YI=,vZ+xK0Mi8Ux9p/FjJnG/9enUdv4=
17,13,i+3CjOM0O5D50P/Z1FumV7bv3YI=,gtT4f4BMrBSOLv0vDYBfA1SRGxM=
17,14,i+3CjOM0O5D50P/Z1FumV7bv3YI=,DUvGGWafD7I8JVjeWlFIY+XX2uk=
18,10,i+3CjOM0O5D50P/Z1FumV7bv3YI=,TUhHzipkKpp1iHO/ln2lFoHuZos=
18,11,i+3CjOM0O5D50P/Z1FumV7bv3YI=,TUhHzipkKpp1iHO/ln2lFoHuZos=
18,9,i+3CjOM0O5D50P/Z1FumV7bv3YI=,Nm6z0Ui676q8Er6tWvD4Q71KQE0=
18,12,i+3CjOM0O5D50P/Z1FumV7bv3YI=,EAPOT0ZAIqQOy+iCbldzO9nj7WY=
17,12,i+3CjOM0O5D50P/Z1FumV7bv3YI=,gtT4f4BMrBSOLv0vDYBfA1SRGxM=
17,10,i+3CjOM0O5D50P/Z1FumV7bv3YI=,r0yjvrky0jTQALuuQ9HKPtFfu0c=
17,11,i+3CjOM0O5D50P/Z1FumV7bv3YI=,r0yjvrky0jTQALuuQ9HKPtFfu0c=
17,9,i+3CjOM0O5D50P/Z1FumV7bv3YI=,PGth5lNb8VEVv37yKYluNHI/3qc=
19,15,9zGTScupTv8Nw3EKgV715Z6vyoc=,vZ+xK0Mi8Ux9p/FjJnG/9enUdv4=
20,15,9zGTScupTv8Nw3EKgV715Z6vyoc=,5KIRpF7QGTnSxAWeBWJLqL/WmqE=
22,15,9zGTScupTv8Nw3EKgV715Z6vyoc=,yaTlDaDiL/oF0h5fKsym2byoaks=
21,15,9zGTScupTv8Nw3EKgV715Z6vyoc=,5KIRpF7QGTnSxAWeBWJLqL/WmqE=
22,14,9zGTScupTv8Nw3EKgV715Z6vyoc=,yaTlDaDiL/oF0h5fKsym2byoaks=
22,13,9zGTScupTv8Nw3EKgV715Z6vyoc=,OilEMR0j8Jj5mJY8GM29s+iY4+M=
19,11,vz6Xxo9v0QeRxI+yc0zKxgIKo7w=,TUhHzipkKpp1iHO/ln2lFoHuZos=
19,12,vz6Xxo9v0QeRxI+yc0zKxgIKo7w=,EAPOT0ZAIqQOy+iCbldzO9nj7WY=
19,13,vz6Xxo9v0QeRxI+yc0zKxgIKo7w=,EAPOT0ZAIqQOy+iCbldzO9nj7WY=
19,14,vz6Xxo9v0QeRxI+yc0zKxgIKo7w=,vZ+xK0Mi8Ux9p/FjJnG/9enUdv4=
20,14,vz6Xxo9v0QeRxI+yc0zKxgIKo7w=,5KIRpF7QGTnSxAWeBWJLqL/WmqE=
21,14,vz6Xxo9v0QeRxI+yc0zKxgIKo7w=,5KIRpF7QGTnSxAWeBWJLqL/WmqE=
20,12,vz6Xxo9v0QeRxI+yc0zKxgIKo7w=,TL0drG7Ms8Dd8Ci4VtTzpZRFAM4=
27,15,vz6Xxo9v0QeRxI+yc0zKxgIKo7w=,wSPwz8JLtSDJHFTp/u3ZAp/jals=
28,15,vz6Xxo9v0QeRxI+yc0zKxgIKo7w=,3shMGEJW6yY4ie0rZOHr+UBMKfI=
20,13,vz6Xxo9v0QeRxI+yc0zKxgIKo7w=,TL0drG7Ms8Dd8Ci4VtTzpZRFAM4=
21,13,vz6Xxo9v0QeRxI+yc0zKxgIKo7w=,TL0drG7Ms8Dd8Ci4VtTzpZRFAM4=
20,11,vz6Xxo9v0QeRxI+yc0zKxgIKo7w=,Va4asTanqcvljutflpLPTWqBOjk=
26,15,vz6Xxo9v0QeRxI+yc0zKxgIKo7w=,wSPwz8JLtSDJHFTp/u3ZAp/jals=
23,15,vz6Xxo9v0QeRxI+yc0zKxgIKo7w=,yaTlDaDiL/oF0h5fKsym2byoaks=
24,15,vz6Xxo9v0QeRxI+yc0zKxgIKo7w=,p0CVLoYw/j1QmVycQDCChL2as8E=
25,15,vz6Xxo9v0QeRxI+yc0zKxgIKo7w=,p0CVLoYw/j1QmVycQDCChL2as8E=
30,15,1chSsOKD2gAONN4YCDD9iFhPFL0=,yGe/w90S10VfknjKIkkkGvUFvfs=
31,15,1chSsOKD2gAONN4YCDD9iFhPFL0=,yGe/w90S10VfknjKIkkkGvUFvfs=
29,15,1chSsOKD2gAONN4YCDD9iFhPFL0=,3shMGEJW6yY4ie0rZOHr+UBMKfI=
31,13,U0ZhgfmJK1p20V2DP419npAOF8M=,jFnRe/qr6tYUDvHPuRZyp84pJvw=
31,14,U0ZhgfmJK1p20V2DP419npAOF8M=,yGe/w90S10VfknjKIkkkGvUFvfs=
31,12,U0ZhgfmJK1p20V2DP419npAOF8M=,jFnRe/qr6tYUDvHPuRZyp84pJvw=
31,10,U0ZhgfmJK1p20V2DP419npAOF8M=,p0CVLoYw/j1QmVycQDCChL2as8E=
31,11,U0ZhgfmJK1p20V2DP419npAOF8M=,p0CVLoYw/j1QmVycQDCChL2as8E=
31,9,U0ZhgfmJK1p20V2DP419npAOF8M=,GhkP7/1qJXm3oDzT0ykrqVxaw2I=
28,0,U0ZhgfmJK1p20V2DP419npAOF8M=,TxxVMIyWt1jjEskJObvaNEqiCIs=
28,1,U0ZhgfmJK1p20V2DP419npAOF8M=,TxxVMIyWt1jjEskJObvaNEqiCIs=
31,6,U0ZhgfmJK1p20V2DP419npAOF8M=,AqWQ0RcuFdM+ceKFGa1jXgk8Ac8=
31,7,2Vs1SdKCDyvux/OUW/wJGKQnQNo=,AqWQ0RcuFdM+ceKFGa1jXgk8Ac8=
30,6,2Vs1SdKCDyvux/OUW/wJGKQnQNo=,AqWQ0RcuFdM+ceKFGa1jXgk8Ac8=
31,5,2Vs1SdKCDyvux/OUW/wJGKQnQNo=,VB22RkFNW/3rGGYnbS5PyuPlUb0=
31,8,2Vs1SdKCDyvux/OUW/wJGKQnQNo=,GhkP7/1qJXm3oDzT0ykrqVxaw2I=
30,5,2Vs1SdKCDyvux/OUW/wJGKQnQNo=,VB22RkFNW/3rGGYnbS5PyuPlUb0=
28,4,2Vs1SdKCDyvux/OUW/wJGKQnQNo=,/Sm72gS4/2qGfX96AKqA+dh61xs=
29,6,2Vs1SdKCDyvux/OUW/wJGKQnQNo=,v4wFI60q+Dwk26oQV+f5xC18APU=
29,5,2Vs1SdKCDyvux/OUW/wJGKQnQNo=,/Sm72gS4/2qGfX96AKqA+dh61xs=
30,3,2Vs1SdKCDyvux/OUW/wJGKQnQNo=,GlWk4zjiFRUqr+WKsoOdxSAPmlg=
31,3,2Vs1SdKCDyvux/OUW/wJGKQnQNo=,GlWk4zjiFRUqr+WKsoOdxSAPmlg=
30,4,2Vs1SdKCDyvux/OUW/wJGKQnQNo=,VB22RkFNW/3rGGYnbS5PyuPlUb0=
31,4,2Vs1SdKCDyvux/OUW/wJGKQnQNo=,VB22RkFNW/3rGGYnbS5PyuPlUb0=
30,0,2Vs1SdKCDyvux/OUW/wJGKQnQNo=,7M2kILaGWubObEcdYHSjuhonaDQ=
29,4,2Vs1SdKCDyvux/OUW/wJGKQnQNo=,/Sm72gS4/2qGfX96AKqA+dh61xs=
31,0,2Vs1SdKCDyvux/OUW/wJGKQnQNo=,7M2kILaGWubObEcdYHSjuhonaDQ=
30,1,2Vs1SdKCDyvux/OUW/wJGKQnQNo=,7M2kILaGWubObEcdYHSjuhonaDQ=
31,1,2Vs1SdKCDyvux/OUW/wJGKQnQNo=,7M2kILaGWubObEcdYHSjuhonaDQ=
30,2,2Vs1SdKCDyvux/OUW/wJGKQnQNo=,GlWk4zjiFRUqr+WKsoOdxSAPmlg=
31,2,2Vs1SdKCDyvux/OUW/wJGKQnQNo=,GlWk4zjiFRUqr+WKsoOdxSAPmlg=
29,0,2Vs1SdKCDyvux/OUW/wJGKQnQNo=,TxxVMIyWt1jjEskJObvaNEqiCIs=
29,1,2Vs1SdKCDyvux/OUW/wJGKQnQNo=,TxxVMIyWt1jjEskJObvaNEqiCIs=
27,6,2Vs1SdKCDyvux/OUW/wJGKQnQNo=,K4R6ogXIyiuqA6k4kT0CI00Ad10=
28,6,2Vs1SdKCDyvux/OUW/wJGKQnQNo=,v4wFI60q+Dwk26oQV+f5xC18APU=
28,5,2Vs1SdKCDyvux/OUW/wJGKQnQNo=,/Sm72gS4/2qGfX96AKqA+dh61xs=
25,4,QMsMIqAepJTV3nRB9ZC2YPYfWsw=,7M2kILaGWubObEcdYHSjuhonaDQ=
25,1,QMsMIqAepJTV3nRB9ZC2YPYfWsw=,rVUZJfr1TfFwxKjUN4v9ctzW9Yk=
25,2,QMsMIqAepJTV3nRB9ZC2YPYfWsw=,t1LANGQQ3Qjx/DBMh34cMYzqszE=
25,3,QMsMIqAepJTV3nRB9ZC2YPYfWsw=,t1LANGQQ3Qjx/DBMh34cMYzqszE=
26,6,QMsMIqAepJTV3nRB9ZC2YPYfWsw=,K4R6ogXIyiuqA6k4kT0CI00Ad10=
25,6,QMsMIqAepJTV3nRB9ZC2YPYfWsw=,AqWQ0RcuFdM+ceKFGa1jXgk8Ac8=
25,5,QMsMIqAepJTV3nRB9ZC2YPYfWsw=,7M2kILaGWubObEcdYHSjuhonaDQ=
23,2,cLNXFt4PzfRLJvKTkvyoaSA/XeQ=,bhfzZqqeGTSw5cUZTsVnH4uv44s=
23,1,cLNXFt4PzfRLJvKTkvyoaSA/XeQ=,bhfzZqqeGTSw5cUZTsVnH4uv44s=
24,1,cLNXFt4PzfRLJvKTkvyoaSA/XeQ=,rVUZJfr1TfFwxKjUN4v9ctzW9Yk=
23,4,cLNXFt4PzfRLJvKTkvyoaSA/XeQ=,XscDgdBlBQbQVI3s9XbHyZni29I=
24,2,cLNXFt4PzfRLJvKTkvyoaSA/XeQ=,t1LANGQQ3Qjx/DBMh34cMYzqszE=
23,5,cLNXFt4PzfRLJvKTkvyoaSA/XeQ=,XscDgdBlBQbQVI3s9XbHyZni29I=
19,7,cLNXFt4PzfRLJvKTkvyoaSA/XeQ=,krmaPcZo66hfYa7mtTGKhIbBOK8=
23,6,cLNXFt4PzfRLJvKTkvyoaSA/XeQ=,+E/ojjSqok5UIHB55aIr+oj3ZsE=
19,10,cLNXFt4PzfRLJvKTkvyoaSA/XeQ=,TUhHzipkKpp1iHO/ln2lFoHuZos=
19,8,cLNXFt4PzfRLJvKTkvyoaSA/XeQ=,Nm6z0Ui676q8Er6tWvD4Q71KQE0=
19,9,cLNXFt4PzfRLJvKTkvyoaSA/XeQ=,Nm6z0Ui676q8Er6tWvD4Q71KQE0=
23,3,cLNXFt4PzfRLJvKTkvyoaSA/XeQ=,bhfzZqqeGTSw5cUZTsVnH4uv44s=
20,8,cLNXFt4PzfRLJvKTkvyoaSA/XeQ=,DjZKl67MwjYNnRO+7gEZJ7i4hns=
20,9,cLNXFt4PzfRLJvKTkvyoaSA/XeQ=,DjZKl67MwjYNnRO+7gEZJ7i4hns=
24,6,cLNXFt4PzfRLJvKTkvyoaSA/XeQ=,AqWQ0RcuFdM+ceKFGa1jXgk8Ac8=
20,10,cLNXFt4PzfRLJvKTkvyoaSA/XeQ=,Va4asTanqcvljutflpLPTWqBOjk=
20,7,cLNXFt4PzfRLJvKTkvyoaSA/XeQ=,MZr1JaPvByIqaM+dTl/PVWXWkYI=
24,4,cLNXFt4PzfRLJvKTkvyoaSA/XeQ=,7M2kILaGWubObEcdYHSjuhonaDQ=
24,5,cLNXFt4PzfRLJvKTkvyoaSA/XeQ=,7M2kILaGWubObEcdYHSjuhonaDQ=
24,3,cLNXFt4PzfRLJvKTkvyoaSA/XeQ=,t1LANGQQ3Qjx/DBMh34cMYzqszE=
19,6,cLNXFt4PzfRLJvKTkvyoaSA/XeQ=,krmaPcZo66hfYa7mtTGKhIbBOK8=
19,4,cLNXFt4PzfRLJvKTkvyoaSA/XeQ=,w/uwXQGcYWq5lGpdUIoUv0OjWDs=
22,8,cLNXFt4PzfRLJvKTkvyoaSA/XeQ=,DuAvwsxdPfeE6Y8s82QXaOTAoY4=
22,7,cLNXFt4PzfRLJvKTkvyoaSA/XeQ=,+E/ojjSqok5UIHB55aIr+oj3ZsE=
19,5,cLNXFt4PzfRLJvKTkvyoaSA/XeQ=,w/uwXQGcYWq5lGpdUIoUv0OjWDs=
21,8,cLNXFt4PzfRLJvKTkvyoaSA/XeQ=,DjZKl67MwjYNnRO+7gEZJ7i4hns=
19,1,cLNXFt4PzfRLJvKTkvyoaSA/XeQ=,Fl7xni6EiYCFbdhQGLuGWZvn3z4=
21,7,cLNXFt4PzfRLJvKTkvyoaSA/XeQ=,MZr1JaPvByIqaM+dTl/PVWXWkYI=
22,5,cLNXFt4PzfRLJvKTkvyoaSA/XeQ=,XscDgdBlBQbQVI3s9XbHyZni29I=
19,2,cLNXFt4PzfRLJvKTkvyoaSA/XeQ=,RrJspzz8S/n8R/QCsP7KqOf9Dis=
22,9,cLNXFt4PzfRLJvKTkvyoaSA/XeQ=,DuAvwsxdPfeE6Y8s82QXaOTAoY4=
22,10,cLNXFt4PzfRLJvKTkvyoaSA/XeQ=,xEQU0O3enVOgVJQLUVHmTo5pnhI=
22,11,cLNXFt4PzfRLJvKTkvyoaSA/XeQ=,xEQU0O3enVOgVJQLUVHmTo5pnhI=
22,12,cLNXFt4PzfRLJvKTkvyoaSA/XeQ=,OilEMR0j8Jj5mJY8GM29s+iY4+M=
19,3,cLNXFt4PzfRLJvKTkvyoaSA/XeQ=,RrJspzz8S/n8R/QCsP7KqOf9Dis=
22,6,cLNXFt4PzfRLJvKTkvyoaSA/XeQ=,+E/ojjSqok5UIHB55aIr+oj3ZsE=
21,12,cLNXFt4PzfRLJvKTkvyoaSA/XeQ=,TL0drG7Ms8Dd8Ci4VtTzpZRFAM4=
21,9,cLNXFt4PzfRLJvKTkvyoaSA/XeQ=,DjZKl67MwjYNnRO+7gEZJ7i4hns=
22,4,cLNXFt4PzfRLJvKTkvyoaSA/XeQ=,XscDgdBlBQbQVI3s9XbHyZni29I=
21,10,cLNXFt4PzfRLJvKTkvyoaSA/XeQ=,Va4asTanqcvljutflpLPTWqBOjk=
22,2,cLNXFt4PzfRLJvKTkvyoaSA/XeQ=,bhfzZqqeGTSw5cUZTsVnH4uv44s=
21,11,cLNXFt4PzfRLJvKTkvyoaSA/XeQ=,Va4asTanqcvljutflpLPTWqBOjk=
20,5,cLNXFt4PzfRLJvKTkvyoaSA/XeQ=,5KIRpF7QGTnSxAWeBWJLqL/WmqE=
22,3,cLNXFt4PzfRLJvKTkvyoaSA/XeQ=,bhfzZqqeGTSw5cUZTsVnH4uv44s=
21,5,khp0D0DJGXajEEPSjZJGGcp8YV8=,5KIRpF7QGTnSxAWeBWJLqL/WmqE=
22,1,khp0D0DJGXajEEPSjZJGGcp8YV8=,bhfzZqqeGTSw5cUZTsVnH4uv44s=
20,6,khp0D0DJGXajEEPSjZJGGcp8YV8=,MZr1JaPvByIqaM+dTl/PVWXWkYI=
20,2,khp0D0DJGXajEEPSjZJGGcp8YV8=,Ils3BJSRlh3vJ36ylnYe0vuYA84=
21,2,khp0D0DJGXajEEPSjZJGGcp8YV8=,Ils3BJSRlh3vJ36ylnYe0vuYA84=
20,3,khp0D0DJGXajEEPSjZJGGcp8YV8=,Ils3BJSRlh3vJ36ylnYe0vuYA84=
21,6,khp0D0DJGXajEEPSjZJGGcp8YV8=,MZr1JaPvByIqaM+dTl/PVWXWkYI=
21,3,khp0D0DJGXajEEPSjZJGGcp8YV8=,Ils3BJSRlh3vJ36ylnYe0vuYA84=
20,1,khp0D0DJGXajEEPSjZJGGcp8YV8=,+RdZP6G/dbJhtG2EAN0FwXNzpFA=
23,8,khp0D0DJGXajEEPSjZJGGcp8YV8=,DuAvwsxdPfeE6Y8s82QXaOTAoY4=
21,1,khp0D0DJGXajEEPSjZJGGcp8YV8=,+RdZP6G/dbJhtG2EAN0FwXNzpFA=
20,4,khp0D0DJGXajEEPSjZJGGcp8YV8=,5KIRpF7QGTnSxAWeBWJLqL/WmqE=
23,7,khp0D0DJGXajEEPSjZJGGcp8YV8=,+E/ojjSqok5UIHB55aIr+oj3ZsE=
26,8,khp0D0DJGXajEEPSjZJGGcp8YV8=,vEodyFDjOa2tHmN81+xNtNvmNCI=
26,7,khp0D0DJGXajEEPSjZJGGcp8YV8=,K4R6ogXIyiuqA6k4kT0CI00Ad10=
21,4,khp0D0DJGXajEEPSjZJGGcp8YV8=,5KIRpF7QGTnSxAWeBWJLqL/WmqE=
24,8,khp0D0DJGXajEEPSjZJGGcp8YV8=,QPKh0/ZBko5+DcRfYawdnCrRbsE=
25,8,khp0D0DJGXajEEPSjZJGGcp8YV8=,QPKh0/ZBko5+DcRfYawdnCrRbsE=
24,7,khp0D0DJGXajEEPSjZJGGcp8YV8=,AqWQ0RcuFdM+ceKFGa1jXgk8Ac8=
25,7,khp0D0DJGXajEEPSjZJGGcp8YV8=,AqWQ0RcuFdM+ceKFGa1jXgk8Ac8=
27,13,khp0D0DJGXajEEPSjZJGGcp8YV8=,FrTjcI5LwQXdNAmgNUHRvI0kLWk=
27,14,khp0D0DJGXajEEPSjZJGGcp8YV8=,wSPwz8JLtSDJHFTp/u3ZAp/jals=
30,13,khp0D0DJGXajEEPSjZJGGcp8YV8=,jFnRe/qr6tYUDvHPuRZyp84pJvw=
30,14,khp0D0DJGXajEEPSjZJGGcp8YV8=,yGe/w90S10VfknjKIkkkGvUFvfs=
28,13,khp0D0DJGXajEEPSjZJGGcp8YV8=,GlWk4zjiFRUqr+WKsoOdxSAPmlg=
29,13,khp0D0DJGXajEEPSjZJGGcp8YV8=,GlWk4zjiFRUqr+WKsoOdxSAPmlg=
28,14,khp0D0DJGXajEEPSjZJGGcp8YV8=,3shMGEJW6yY4ie0rZOHr+UBMKfI=
29,14,khp0D0DJGXajEEPSjZJGGcp8YV8=,3shMGEJW6yY4ie0rZOHr+UBMKfI=
23,9,cpxtYh5ckkYGridoLt3sGQRK91k=,DuAvwsxdPfeE6Y8s82QXaOTAoY4=
30,7,cpxtYh5ckkYGridoLt3sGQRK91k=,AqWQ0RcuFdM+ceKFGa1jXgk8Ac8=
23,10,cpxtYh5ckkYGridoLt3sGQRK91k=,xEQU0O3enVOgVJQLUVHmTo5pnhI=
27,8,cpxtYh5ckkYGridoLt3sGQRK91k=,vEodyFDjOa2tHmN81+xNtNvmNCI=
26,10,cpxtYh5ckkYGridoLt3sGQRK91k=,I6QC38CfWwQinZsw4nbBkEEH2cI=
26,9,cpxtYh5ckkYGridoLt3sGQRK91k=,vEodyFDjOa2tHmN81+xNtNvmNCI=
27,7,cpxtYh5ckkYGridoLt3sGQRK91k=,K4R6ogXIyiuqA6k4kT0CI00Ad10=
30,8,cpxtYh5ckkYGridoLt3sGQRK91k=,GhkP7/1qJXm3oDzT0ykrqVxaw2I=
28,7,cpxtYh5ckkYGridoLt3sGQRK91k=,v4wFI60q+Dwk26oQV+f5xC18APU=
29,7,cpxtYh5ckkYGridoLt3sGQRK91k=,v4wFI60q+Dwk26oQV+f5xC18APU=
24,10,cpxtYh5ckkYGridoLt3sGQRK91k=,avVyb4hGqtvDwXd+8PHG9i7RXcI=
28,8,cpxtYh5ckkYGridoLt3sGQRK91k=,vEodyFDjOa2tHmN81+xNtNvmNCI=
29,8,cpxtYh5ckkYGridoLt3sGQRK91k=,vEodyFDjOa2tHmN81+xNtNvmNCI=
25,10,cpxtYh5ckkYGridoLt3sGQRK91k=,avVyb4hGqtvDwXd+8PHG9i7RXcI=
26,12,cpxtYh5ckkYGridoLt3sGQRK91k=,FrTjcI5LwQXdNAmgNUHRvI0kLWk=
26,13,cpxtYh5ckkYGridoLt3sGQRK91k=,FrTjcI5LwQXdNAmgNUHRvI0kLWk=
24,9,cpxtYh5ckkYGridoLt3sGQRK91k=,QPKh0/ZBko5+DcRfYawdnCrRbsE=
26,14,cpxtYh5ckkYGridoLt3sGQRK91k=,wSPwz8JLtSDJHFTp/u3ZAp/jals=
23,11,cpxtYh5ckkYGridoLt3sGQRK91k=,xEQU0O3enVOgVJQLUVHmTo5pnhI=
23,14,cpxtYh5ckkYGridoLt3sGQRK91k=,yaTlDaDiL/oF0h5fKsym2byoaks=
26,11,cpxtYh5ckkYGridoLt3sGQRK91k=,I6QC38CfWwQinZsw4nbBkEEH2cI=
23,12,cpxtYh5ckkYGridoLt3sGQRK91k=,OilEMR0j8Jj5mJY8GM29s+iY4+M=
23,13,cpxtYh5ckkYGridoLt3sGQRK91k=,OilEMR0j8Jj5mJY8GM29s+iY4+M=
24,11,cpxtYh5ckkYGridoLt3sGQRK91k=,avVyb4hGqtvDwXd+8PHG9i7RXcI=
25,9,cpxtYh5ckkYGridoLt3sGQRK91k=,QPKh0/ZBko5+DcRfYawdnCrRbsE=
25,11,cpxtYh5ckkYGridoLt3sGQRK91k=,avVyb4hGqtvDwXd+8PHG9i7RXcI=
27,12,cpxtYh5ckkYGridoLt3sGQRK91k=,FrTjcI5LwQXdNAmgNUHRvI0kLWk=
27,10,cpxtYh5ckkYGridoLt3sGQRK91k=,I6QC38CfWwQinZsw4nbBkEEH2cI=
27,11,cpxtYh5ckkYGridoLt3sGQRK91k=,I6QC38CfWwQinZsw4nbBkEEH2cI=
24,12,cpxtYh5ckkYGridoLt3sGQRK91k=,7WPb26Vr0YA73JSKoASTjeLatgg=
27,9,cpxtYh5ckkYGridoLt3sGQRK91k=,vEodyFDjOa2tHmN81+xNtNvmNCI=
25,12,cpxtYh5ckkYGridoLt3sGQRK91k=,7WPb26Vr0YA73JSKoASTjeLatgg=
30,12,cpxtYh5ckkYGridoLt3sGQRK91k=,jFnRe/qr6tYUDvHPuRZyp84pJvw=
30,10,cpxtYh5ckkYGridoLt3sGQRK91k=,p0CVLoYw/j1QmVycQDCChL2as8E=
24,13,cpxtYh5ckkYGridoLt3sGQRK91k=,7WPb26Vr0YA73JSKoASTjeLatgg=
30,11,cpxtYh5ckkYGridoLt3sGQRK91k=,p0CVLoYw/j1QmVycQDCChL2as8E=
25,13,cpxtYh5ckkYGridoLt3sGQRK91k=,7WPb26Vr0YA73JSKoASTjeLatgg=
30,9,cpxtYh5ckkYGridoLt3sGQRK91k=,GhkP7/1qJXm3oDzT0ykrqVxaw2I=
24,14,cpxtYh5ckkYGridoLt3sGQRK91k=,p0CVLoYw/j1QmVycQDCChL2as8E=
28,10,cpxtYh5ckkYGridoLt3sGQRK91k=,v4wFI60q+Dwk26oQV+f5xC18APU=
29,10,cpxtYh5ckkYGridoLt3sGQRK91k=,v4wFI60q+Dwk26oQV+f5xC18APU=
25,14,cpxtYh5ckkYGridoLt3sGQRK91k=,p0CVLoYw/j1QmVycQDCChL2as8E=
28,11,cpxtYh5ckkYGridoLt3sGQRK91k=,v4wFI60q+Dwk26oQV+f5xC18APU=
29,11,cpxtYh5ckkYGridoLt3sGQRK91k=,v4wFI60q+Dwk26oQV+f5xC18APU=
28,9,cpxtYh5ckkYGridoLt3sGQRK91k=,vEodyFDjOa2tHmN81+xNtNvmNCI=
29,9,cpxtYh5ckkYGridoLt3sGQRK91k=,vEodyFDjOa2tHmN81+xNtNvmNCI=
28,12,cpxtYh5ckkYGridoLt3sGQRK91k=,GlWk4zjiFRUqr+WKsoOdxSAPmlg=
29,12,cpxtYh5ckkYGridoLt3sGQRK91k=,GlWk4zjiFRUqr+WKsoOdxSAPmlg=
0,16,SqmvSZZJ7hJkOHvLcmFWvfqvGTc=,r0yjvrky0jTQALuuQ9HKPtFfu0c=
0,20,SqmvSZZJ7hJkOHvLcmFWvfqvGTc=,W03cXqfUyjLwaWtEsMx/ER7fB+k=
0,22,SqmvSZZJ7hJkOHvLcmFWvfqvGTc=,y7Ytp5CoLOJ5xmYcoy9Kn8UZA0Q=
0,17,SqmvSZZJ7hJkOHvLcmFWvfqvGTc=,r0yjvrky0jTQALuuQ9HKPtFfu0c=
0,24,SqmvSZZJ7hJkOHvLcmFWvfqvGTc=,2uu45VEfL6RJg+asvrO2aOGXbUE=
0,21,SqmvSZZJ7hJkOHvLcmFWvfqvGTc=,W03cXqfUyjLwaWtEsMx/ER7fB+k=
0,19,SqmvSZZJ7hJkOHvLcmFWvfqvGTc=,D6eIXyFDZElq0oeZFn1Ns6zcrU8=
0,23,SqmvSZZJ7hJkOHvLcmFWvfqvGTc=,y7Ytp5CoLOJ5xmYcoy9Kn8UZA0Q=
0,18,SqmvSZZJ7hJkOHvLcmFWvfqvGTc=,D6eIXyFDZElq0oeZFn1Ns6zcrU8=
0,26,QrvuR4uaeQO9L4Io+yRrBPMvqPU=,NybG6q8IyY05sZjRzX0p6Mr7dps=
0,28,QrvuR4uaeQO9L4Io+yRrBPMvqPU=,8lqAo+vL59Tjoxnq8bARZGnLzJM=
0,25,QrvuR4uaeQO9L4Io+yRrBPMvqPU=,2uu45VEfL6RJg+asvrO2aOGXbUE=
0,27,QrvuR4uaeQO9L4Io+yRrBPMvqPU=,NybG6q8IyY05sZjRzX0p6Mr7dps=
0,30,QrvuR4uaeQO9L4Io+yRrBPMvqPU=,t1LANGQQ3Qjx/DBMh34cMYzqszE=
2,31,QrvuR4uaeQO9L4Io+yRrBPMvqPU=,u6bxuxFBfatzGtHdir+5aZLhEJg=
2,30,QrvuR4uaeQO9L4Io+yRrBPMvqPU=,u6bxuxFBfatzGtHdir+5aZLhEJg=
1,29,QrvuR4uaeQO9L4Io+yRrBPMvqPU=,8lqAo+vL59Tjoxnq8bARZGnLzJM=
0,29,QrvuR4uaeQO9L4Io+yRrBPMvqPU=,8lqAo+vL59Tjoxnq8bARZGnLzJM=
0,31,QrvuR4uaeQO9L4Io+yRrBPMvqPU=,t1LANGQQ3Qjx/DBMh34cMYzqszE=
1,31,/ksz8pCKauYiLmRj37T/n9PH0iw=,t1LANGQQ3Qjx/DBMh34cMYzqszE=
1,30,/ksz8pCKauYiLmRj37T/n9PH0iw=,t1LANGQQ3Qjx/DBMh34cMYzqszE=
8,28,/ksz8pCKauYiLmRj37T/n9PH0iw=,DUvGGWafD7I8JVjeWlFIY+XX2uk=
7,28,/ksz8pCKauYiLmRj37T/n9PH0iw=,eQVFo9+qFmSPbqQFYw3AjmB7O8U=
4,30,/ksz8pCKauYiLmRj37T/n9PH0iw=,/41YOyV0FuR4NheAHxQf3SN2r3A=
3,30,/ksz8pCKauYiLmRj37T/n9PH0iw=,u6bxuxFBfatzGtHdir+5aZLhEJg=
3,31,/ksz8pCKauYiLmRj37T/n9PH0iw=,u6bxuxFBfatzGtHdir+5aZLhEJg=
4,31,/ksz8pCKauYiLmRj37T/n9PH0iw=,/41YOyV0FuR4NheAHxQf3SN2r3A=
7,30,3n6wpzcvvB0p0cAnisfnsNg6LHE=,T5Jnh5sL7m17eZ9SVVFYzlUs11E=
5,31,3n6wpzcvvB0p0cAnisfnsNg6LHE=,/41YOyV0FuR4NheAHxQf3SN2r3A=
8,29,3n6wpzcvvB0p0cAnisfnsNg6LHE=,DUvGGWafD7I8JVjeWlFIY+XX2uk=
8,30,3n6wpzcvvB0p0cAnisfnsNg6LHE=,97ua8vrBNg9asgmotmxZ8s3w4YA=
6,30,3n6wpzcvvB0p0cAnisfnsNg6LHE=,T5Jnh5sL7m17eZ9SVVFYzlUs11E=
10,31,3n6wpzcvvB0p0cAnisfnsNg6LHE=,PGth5lNb8VEVv37yKYluNHI/3qc=
11,31,3n6wpzcvvB0p0cAnisfnsNg6LHE=,PGth5lNb8VEVv37yKYluNHI/3qc=
7,31,3n6wpzcvvB0p0cAnisfnsNg6LHE=,T5Jnh5sL7m17eZ9SVVFYzlUs11E=
7,29,3n6wpzcvvB0p0cAnisfnsNg6LHE=,eQVFo9+qFmSPbqQFYw3AjmB7O8U=
8,31,3n6wpzcvvB0p0cAnisfnsNg6LHE=,97ua8vrBNg9asgmotmxZ8s3w4YA=
9,31,3n6wpzcvvB0p0cAnisfnsNg6LHE=,97ua8vrBNg9asgmotmxZ8s3w4YA=
12,31,3n6wpzcvvB0p0cAnisfnsNg6LHE=,Ju+H2j9i+FsdV0+9P7fD5yPhbwY=
6,31,3n6wpzcvvB0p0cAnisfnsNg6LHE=,T5Jnh5sL7m17eZ9SVVFYzlUs11E=
13,31,3n6wpzcvvB0p0cAnisfnsNg6LHE=,Ju+H2j9i+FsdV0+9P7fD5yPhbwY=
6,29,3n6wpzcvvB0p0cAnisfnsNg6LHE=,eQVFo9+qFmSPbqQFYw3AjmB7O8U=
5,30,3n6wpzcvvB0p0cAnisfnsNg6LHE=,/41YOyV0FuR4NheAHxQf3SN2r3A=
15,31,3n6wpzcvvB0p0cAnisfnsNg6LHE=,RATPm69qRQ9YZP0PuE+C5xODt9g=
14,31,3n6wpzcvvB0p0cAnisfnsNg6LHE=,RATPm69qRQ9YZP0PuE+C5xODt9g=
15,25,yejIa+KQW4po92gtGEA+uNEz9zY=,aIvHksnxK/iD2ydlrXWiWhUJ9GA=
15,29,yejIa+KQW4po92gtGEA+uNEz9zY=,0LlczlhbsDGDdmE6YHF8WhypFBE=
15,26,yejIa+KQW4po92gtGEA+uNEz9zY=,BIfHaihuvF5twZHVuoNf8EXNaWE=
15,27,yejIa+KQW4po92gtGEA+uNEz9zY=,BIfHaihuvF5twZHVuoNf8EXNaWE=
15,23,yejIa+KQW4po92gtGEA+uNEz9zY=,S9jTQhKDxWKUP8ijZD8w5s6z6XA=
15,24,yejIa+KQW4po92gtGEA+uNEz9zY=,aIvHksnxK/iD2ydlrXWiWhUJ9GA=
15,28,yejIa+KQW4po92gtGEA+uNEz9zY=,0LlczlhbsDGDdmE6YHF8WhypFBE=
15,22,yejIa+KQW4po92gtGEA+uNEz9zY=,S9jTQhKDxWKUP8ijZD8w5s6z6XA=
15,30,yejIa+KQW4po92gtGEA+uNEz9zY=,RATPm69qRQ9YZP0PuE+C5xODt9g=
15,21,yejIa+KQW4po92gtGEA+uNEz9zY=,Q6pUBMBniz0hU0AU+MLkw+/aG6I=
15,20,58vJGB5KjVNugNFK8KrrB7JIIrs=,Q6pUBMBniz0hU0AU+MLkw+/aG6I=
15,19,58vJGB5KjVNugNFK8KrrB7JIIrs=,L0dsn//za1zYD+B2w25FpOESQ0Y=
15,18,58vJGB5KjVNugNFK8KrrB7JIIrs=,L0dsn//za1zYD+B2w25FpOESQ0Y=
15,17,58vJGB5KjVNugNFK8KrrB7JIIrs=,6FONUjNFWTfwk5x8jRdPYq4vyO4=
13,16,58vJGB5KjVNugNFK8KrrB7JIIrs=,28p92KQgPXunUIaOmY61TOkgOM0=
15,16,58vJGB5KjVNugNFK8KrrB7JIIrs=,6FONUjNFWTfwk5x8jRdPYq4vyO4=
13,17,58vJGB5KjVNugNFK8KrrB7JIIrs=,28p92KQgPXunUIaOmY61TOkgOM0=
14,16,58vJGB5KjVNugNFK8KrrB7JIIrs=,6FONUjNFWTfwk5x8jRdPYq4vyO4=
13,18,58vJGB5KjVNugNFK8KrrB7JIIrs=,CAXhP5+MMjezDKFdowQqSTlmYL8=
14,17,58vJGB5KjVNugNFK8KrrB7JIIrs=,6FONUjNFWTfwk5x8jRdPYq4vyO4=
14,18,58vJGB5KjVNugNFK8KrrB7JIIrs=,L0dsn//za1zYD+B2w25FpOESQ0Y=
11,16,58vJGB5KjVNugNFK8KrrB7JIIrs=,RrJspzz8S/n8R/QCsP7KqOf9Dis=
12,16,58vJGB5KjVNugNFK8KrrB7JIIrs=,28p92KQgPXunUIaOmY61TOkgOM0=
12,18,vV4pZa72KL9KixhWtHOP0/OZprE=,CAXhP5+MMjezDKFdowQqSTlmYL8=
12,17,vV4pZa72KL9KixhWtHOP0/OZprE=,28p92KQgPXunUIaOmY61TOkgOM0=
10,16,vV4pZa72KL9KixhWtHOP0/OZprE=,RrJspzz8S/n8R/QCsP7KqOf9Dis=
11,17,vV4pZa72KL9KixhWtHOP0/OZprE=,RrJspzz8S/n8R/QCsP7KqOf9Dis=
10,17,vV4pZa72KL9KixhWtHOP0/OZprE=,RrJspzz8S/n8R/QCsP7KqOf9Dis=
9,16,vV4pZa72KL9KixhWtHOP0/OZprE=,cPbZ0IHrDpsX/bgGDygLZD7S4UM=
7,16,vV4pZa72KL9KixhWtHOP0/OZprE=,Br9XORuLKaB6cvfcHbXFdoNLBDw=
11,18,vV4pZa72KL9KixhWtHOP0/OZprE=,tWIgDaNH7Q3hW+VzitYln0AD8EU=
8,16,vV4pZa72KL9KixhWtHOP0/OZprE=,cPbZ0IHrDpsX/bgGDygLZD7S4UM=
9,17,vV4pZa72KL9KixhWtHOP0/OZprE=,cPbZ0IHrDpsX/bgGDygLZD7S4UM=
10,18,vV4pZa72KL9KixhWtHOP0/OZprE=,tWIgDaNH7Q3hW+VzitYln0AD8EU=
9,18,vV4pZa72KL9KixhWtHOP0/OZprE=,GhkP7/1qJXm3oDzT0ykrqVxaw2I=
7,25,vV4pZa72KL9KixhWtHOP0/OZprE=,E52Cx/fGBmcoSRlJUOsXGKAboy0=
8,25,vV4pZa72KL9KixhWtHOP0/OZprE=,UX5HFh5L+Dhp6qXFTazEih9rreM=
7,17,4V9pHqZ5KvCf8VVJsDWNWpipAMo=,Br9XORuLKaB6cvfcHbXFdoNLBDw=
8,17,4V9pHqZ5KvCf8VVJsDWNWpipAMo=,cPbZ0IHrDpsX/bgGDygLZD7S4UM=
7,18,4V9pHqZ5KvCf8VVJsDWNWpipAMo=,tdd9wKtrZm+7lmV18cPdVAyla9g=
8,18,4V9pHqZ5KvCf8VVJsDWNWpipAMo=,GhkP7/1qJXm3oDzT0ykrqVxaw2I=
6,28,4V9pHqZ5KvCf8VVJsDWNWpipAMo=,eQVFo9+qFmSPbqQFYw3AjmB7O8U=
6,25,4V9pHqZ5KvCf8VVJsDWNWpipAMo=,E52Cx/fGBmcoSRlJUOsXGKAboy0=
5,27,4V9pHqZ5KvCf8VVJsDWNWpipAMo=,+RrmPL3Xf/x0sWImASgLKQd6xQE=
5,25,4V9pHqZ5KvCf8VVJsDWNWpipAMo=,E52Cx/fGBmcoSRlJUOsXGKAboy0=
5,26,4V9pHqZ5KvCf8VVJsDWNWpipAMo=,+RrmPL3Xf/x0sWImASgLKQd6xQE=
7,24,uMCh6M+B1O2OCTah5GG5YPJwi7s=,E52Cx/fGBmcoSRlJUOsXGKAboy0=
8,24,uMCh6M+B1O2OCTah5GG5YPJwi7s=,UX5HFh5L+Dhp6qXFTazEih9rreM=
8,23,uMCh6M+B1O2OCTah5GG5YPJwi7s=,cl4OVDJRB73+EbragU0nz6CV27A=
7,23,uMCh6M+B1O2OCTah5GG5YPJwi7s=,CAXhP5+MMjezDKFdowQqSTlmYL8=
7,19,uMCh6M+B1O2OCTah5GG5YPJwi7s=,tdd9wKtrZm+7lmV18cPdVAyla9g=
5,24,uMCh6M+B1O2OCTah5GG5YPJwi7s=,E52Cx/fGBmcoSRlJUOsXGKAboy0=
8,22,uMCh6M+B1O2OCTah5GG5YPJwi7s=,cl4OVDJRB73+EbragU0nz6CV27A=
6,24,uMCh6M+B1O2OCTah5GG5YPJwi7s=,E52Cx/fGBmcoSRlJUOsXGKAboy0=
6,23,uMCh6M+B1O2OCTah5GG5YPJwi7s=,CAXhP5+MMjezDKFdowQqSTlmYL8=
5,23,uMCh6M+B1O2OCTah5GG5YPJwi7s=,VZmTHFKwGkCQQH4obiQWpmsmJ18=
3,27,uMCh6M+B1O2OCTah5GG5YPJwi7s=,L5Mi/j48nFdVi0m5FccB3gox2gw=
7,21,uMCh6M+B1O2OCTah5GG5YPJwi7s=,LuN0LDEGymAQAnkQsSduhab4Ql4=
4,27,uMCh6M+B1O2OCTah5GG5YPJwi7s=,+RrmPL3Xf/x0sWImASgLKQd6xQE=
1,28,uMCh6M+B1O2OCTah5GG5YPJwi7s=,8lqAo+vL59Tjoxnq8bARZGnLzJM=
4,25,uMCh6M+B1O2OCTah5GG5YPJwi7s=,E52Cx/fGBmcoSRlJUOsXGKAboy0=
2,27,uMCh6M+B1O2OCTah5GG5YPJwi7s=,L5Mi/j48nFdVi0m5FccB3gox2gw=
7,20,uMCh6M+B1O2OCTah5GG5YPJwi7s=,LuN0LDEGymAQAnkQsSduhab4Ql4=
1,26,uMCh6M+B1O2OCTah5GG5YPJwi7s=,NybG6q8IyY05sZjRzX0p6Mr7dps=
1,27,uMCh6M+B1O2OCTah5GG5YPJwi7s=,NybG6q8IyY05sZjRzX0p6Mr7dps=
3,24,uMCh6M+B1O2OCTah5GG5YPJwi7s=,uCVqr2tNVG36jDZweVpNl7DLzE4=
3,26,uMCh6M+B1O2OCTah5GG5YPJwi7s=,L5Mi/j48nFdVi0m5FccB3gox2gw=
7,22,uMCh6M+B1O2OCTah5GG5YPJwi7s=,CAXhP5+MMjezDKFdowQqSTlmYL8=
1,24,uMCh6M+B1O2OCTah5GG5YPJwi7s=,2uu45VEfL6RJg+asvrO2aOGXbUE=
4,26,uMCh6M+B1O2OCTah5GG5YPJwi7s=,+RrmPL3Xf/x0sWImASgLKQd6xQE=
2,26,uMCh6M+B1O2OCTah5GG5YPJwi7s=,L5Mi/j48nFdVi0m5FccB3gox2gw=
3,25,uMCh6M+B1O2OCTah5GG5YPJwi7s=,uCVqr2tNVG36jDZweVpNl7DLzE4=
2,25,uMCh6M+B1O2OCTah5GG5YPJwi7s=,uCVqr2tNVG36jDZweVpNl7DLzE4=
2,24,uMCh6M+B1O2OCTah5GG5YPJwi7s=,uCVqr2tNVG36jDZweVpNl7DLzE4=
1,25,uMCh6M+B1O2OCTah5GG5YPJwi7s=,2uu45VEfL6RJg+asvrO2aOGXbUE=
8,19,uMCh6M+B1O2OCTah5GG5YPJwi7s=,GhkP7/1qJXm3oDzT0ykrqVxaw2I=
4,23,uMCh6M+B1O2OCTah5GG5YPJwi7s=,VZmTHFKwGkCQQH4obiQWpmsmJ18=
8,20,uMCh6M+B1O2OCTah5GG5YPJwi7s=,N49mYb+TZWho/AK1qVF8qCyEZvY=
4,24,uMCh6M+B1O2OCTah5GG5YPJwi7s=,E52Cx/fGBmcoSRlJUOsXGKAboy0=
1,23,uMCh6M+B1O2OCTah5GG5YPJwi7s=,y7Ytp5CoLOJ5xmYcoy9Kn8UZA0Q=
8,21,uMCh6M+B1O2OCTah5GG5YPJwi7s=,N49mYb+TZWho/AK1qVF8qCyEZvY=
3,23,9ACty1ci0WVBNINjY2bqM7u+yw0=,7NDydKYPXQHAme+AeXH4oaKTY5Y=
2,22,9ACty1ci0WVBNINjY2bqM7u+yw0=,7NDydKYPXQHAme+AeXH4oaKTY5Y=
2,23,9ACty1ci0WVBNINjY2bqM7u+yw0=,7NDydKYPXQHAme+AeXH4oaKTY5Y=
4,21,9ACty1ci0WVBNINjY2bqM7u+yw0=,4vN3Z8AEN5uxS/BgxxQKzlvFsp4=
1,21,9ACty1ci0WVBNINjY2bqM7u+yw0=,W03cXqfUyjLwaWtEsMx/ER7fB+k=
6,21,9ACty1ci0WVBNINjY2bqM7u+yw0=,LuN0LDEGymAQAnkQsSduhab4Ql4=
2,21,9ACty1ci0WVBNINjY2bqM7u+yw0=,nEWpB5PP659DZy5uyRYfROrQ+2o=
5,19,9ACty1ci0WVBNINjY2bqM7u+yw0=,VopkDUjPt8rtysIarCc5/Ya1NSI=
5,22,9ACty1ci0WVBNINjY2bqM7u+yw0=,VZmTHFKwGkCQQH4obiQWpmsmJ18=
1,22,9ACty1ci0WVBNINjY2bqM7u+yw0=,y7Ytp5CoLOJ5xmYcoy9Kn8UZA0Q=
5,20,9ACty1ci0WVBNINjY2bqM7u+yw0=,4vN3Z8AEN5uxS/BgxxQKzlvFsp4=
6,18,9ACty1ci0WVBNINjY2bqM7u+yw0=,tdd9wKtrZm+7lmV18cPdVAyla9g=
4,22,9ACty1ci0WVBNINjY2bqM7u+yw0=,VZmTHFKwGkCQQH4obiQWpmsmJ18=
6,17,9ACty1ci0WVBNINjY2bqM7u+yw0=,Br9XORuLKaB6cvfcHbXFdoNLBDw=
6,19,9ACty1ci0WVBNINjY2bqM7u+yw0=,tdd9wKtrZm+7lmV18cPdVAyla9g=
3,22,9ACty1ci0WVBNINjY2bqM7u+yw0=,7NDydKYPXQHAme+AeXH4oaKTY5Y=
6,16,9ACty1ci0WVBNINjY2bqM7u+yw0=,Br9XORuLKaB6cvfcHbXFdoNLBDw=
6,20,9ACty1ci0WVBNINjY2bqM7u+yw0=,LuN0LDEGymAQAnkQsSduhab4Ql4=
3,21,9ACty1ci0WVBNINjY2bqM7u+yw0=,nEWpB5PP659DZy5uyRYfROrQ+2o=
5,17,9ACty1ci0WVBNINjY2bqM7u+yw0=,y7Ytp5CoLOJ5xmYcoy9Kn8UZA0Q=
6,22,9ACty1ci0WVBNINjY2bqM7u+yw0=,CAXhP5+MMjezDKFdowQqSTlmYL8=
1,16,9ACty1ci0WVBNINjY2bqM7u+yw0=,r0yjvrky0jTQALuuQ9HKPtFfu0c=
5,16,9ACty1ci0WVBNINjY2bqM7u+yw0=,y7Ytp5CoLOJ5xmYcoy9Kn8UZA0Q=
5,21,9ACty1ci0WVBNINjY2bqM7u+yw0=,4vN3Z8AEN5uxS/BgxxQKzlvFsp4=
4,16,9ACty1ci0WVBNINjY2bqM7u+yw0=,y7Ytp5CoLOJ5xmYcoy9Kn8UZA0Q=
5,18,FXkJ0tA6yygHlBA3PNq+eS+w0Dg=,VopkDUjPt8rtysIarCc5/Ya1NSI=
3,16,FXkJ0tA6yygHlBA3PNq+eS+w0Dg=,cWoMJRDf9ke3EMu9fUPqiBuPWls=
9,28,FXkJ0tA6yygHlBA3PNq+eS+w0Dg=,DUvGGWafD7I8JVjeWlFIY+XX2uk=
9,30,FXkJ0tA6yygHlBA3PNq+eS+w0Dg=,97ua8vrBNg9asgmotmxZ8s3w4YA=
2,16,FXkJ0tA6yygHlBA3PNq+eS+w0Dg=,cWoMJRDf9ke3EMu9fUPqiBuPWls=
9,29,FXkJ0tA6yygHlBA3PNq+eS+w0Dg=,DUvGGWafD7I8JVjeWlFIY+XX2uk=
10,29,FXkJ0tA6yygHlBA3PNq+eS+w0Dg=,wnTQjmlzVRY/Q+jZ+H5HDwD7AYc=
10,27,FXkJ0tA6yygHlBA3PNq+eS+w0Dg=,Z+hoAResnuVMfje34NmU7Mif0RQ=
10,30,FXkJ0tA6yygHlBA3PNq+eS+w0Dg=,PGth5lNb8VEVv37yKYluNHI/3qc=
1,20,FXkJ0tA6yygHlBA3PNq+eS+w0Dg=,W03cXqfUyjLwaWtEsMx/ER7fB+k=
10,28,FXkJ0tA6yygHlBA3PNq+eS+w0Dg=,wnTQjmlzVRY/Q+jZ+H5HDwD7AYc=
4,19,FXkJ0tA6yygHlBA3PNq+eS+w0Dg=,VopkDUjPt8rtysIarCc5/Ya1NSI=
3,19,FXkJ0tA6yygHlBA3PNq+eS+w0Dg=,43zVT5XuDm/FeadFD0/lcYVp65w=
4,17,FXkJ0tA6yygHlBA3PNq+eS+w0Dg=,y7Ytp5CoLOJ5xmYcoy9Kn8UZA0Q=
1,17,FXkJ0tA6yygHlBA3PNq+eS+w0Dg=,r0yjvrky0jTQALuuQ9HKPtFfu0c=
3,20,FXkJ0tA6yygHlBA3PNq+eS+w0Dg=,nEWpB5PP659DZy5uyRYfROrQ+2o=
2,20,FXkJ0tA6yygHlBA3PNq+eS+w0Dg=,nEWpB5PP659DZy5uyRYfROrQ+2o=
2,19,FXkJ0tA6yygHlBA3PNq+eS+w0Dg=,43zVT5XuDm/FeadFD0/lcYVp65w=
3,18,FXkJ0tA6yygHlBA3PNq+eS+w0Dg=,43zVT5XuDm/FeadFD0/lcYVp65w=
12,29,FXkJ0tA6yygHlBA3PNq+eS+w0Dg=,gdfMD8LqSfk+BrlnoNnAeXoLVJI=
4,20,FXkJ0tA6yygHlBA3PNq+eS+w0Dg=,4vN3Z8AEN5uxS/BgxxQKzlvFsp4=
14,25,FXkJ0tA6yygHlBA3PNq+eS+w0Dg=,aIvHksnxK/iD2ydlrXWiWhUJ9GA=
13,27,FXkJ0tA6yygHlBA3PNq+eS+w0Dg=,8imOOBXyQaPUvya0cFXoUwnppJI=
14,29,FXkJ0tA6yygHlBA3PNq+eS+w0Dg=,0LlczlhbsDGDdmE6YHF8WhypFBE=
14,27,FXkJ0tA6yygHlBA3PNq+eS+w0Dg=,BIfHaihuvF5twZHVuoNf8EXNaWE=
11,30,FXkJ0tA6yygHlBA3PNq+eS+w0Dg=,PGth5lNb8VEVv37yKYluNHI/3qc=
2,18,FXkJ0tA6yygHlBA3PNq+eS+w0Dg=,43zVT5XuDm/FeadFD0/lcYVp65w=
13,26,FXkJ0tA6yygHlBA3PNq+eS+w0Dg=,8imOOBXyQaPUvya0cFXoUwnppJI=
11,29,FXkJ0tA6yygHlBA3PNq+eS+w0Dg=,wnTQjmlzVRY/Q+jZ+H5HDwD7AYc=
3,17,FXkJ0tA6yygHlBA3PNq+eS+w0Dg=,cWoMJRDf9ke3EMu9fUPqiBuPWls=
14,26,FXkJ0tA6yygHlBA3PNq+eS+w0Dg=,BIfHaihuvF5twZHVuoNf8EXNaWE=
14,30,FXkJ0tA6yygHlBA3PNq+eS+w0Dg=,RATPm69qRQ9YZP0PuE+C5xODt9g=
13,28,FXkJ0tA6yygHlBA3PNq+eS+w0Dg=,gdfMD8LqSfk+BrlnoNnAeXoLVJI=
13,30,FXkJ0tA6yygHlBA3PNq+eS+w0Dg=,Ju+H2j9i+FsdV0+9P7fD5yPhbwY=
12,30,QMKqYkM2UTxHzILNHb0tSZIDRgI=,Ju+H2j9i+FsdV0+9P7fD5yPhbwY=
2,17,QMKqYkM2UTxHzILNHb0tSZIDRgI=,cWoMJRDf9ke3EMu9fUPqiBuPWls=
12,28,QMKqYkM2UTxHzILNHb0tSZIDRgI=,gdfMD8LqSfk+BrlnoNnAeXoLVJI=
13,25,QMKqYkM2UTxHzILNHb0tSZIDRgI=,ntN72jtVHLvvzeztEztLDGirKDw=
11,27,QMKqYkM2UTxHzILNHb0tSZIDRgI=,Z+hoAResnuVMfje34NmU7Mif0RQ=
13,29,QMKqYkM2UTxHzILNHb0tSZIDRgI=,gdfMD8LqSfk+BrlnoNnAeXoLVJI=
1,19,QMKqYkM2UTxHzILNHb0tSZIDRgI=,D6eIXyFDZElq0oeZFn1Ns6zcrU8=
14,28,QMKqYkM2UTxHzILNHb0tSZIDRgI=,0LlczlhbsDGDdmE6YHF8WhypFBE=
1,18,QMKqYkM2UTxHzILNHb0tSZIDRgI=,D6eIXyFDZElq0oeZFn1Ns6zcrU8=
12,27,QMKqYkM2UTxHzILNHb0tSZIDRgI=,8imOOBXyQaPUvya0cFXoUwnppJI=
11,28,QMKqYkM2UTxHzILNHb0tSZIDRgI=,wnTQjmlzVRY/Q+jZ+H5HDwD7AYc=
4,18,QMKqYkM2UTxHzILNHb0tSZIDRgI=,VopkDUjPt8rtysIarCc5/Ya1NSI=
10,25,QMKqYkM2UTxHzILNHb0tSZIDRgI=,rtWBnXvrtDFZCdPC4lcnNQIDNaQ=
9,25,QMKqYkM2UTxHzILNHb0tSZIDRgI=,UX5HFh5L+Dhp6qXFTazEih9rreM=
12,25,QMKqYkM2UTxHzILNHb0tSZIDRgI=,ntN72jtVHLvvzeztEztLDGirKDw=
12,26,QMKqYkM2UTxHzILNHb0tSZIDRgI=,8imOOBXyQaPUvya0cFXoUwnppJI=
11,25,QMKqYkM2UTxHzILNHb0tSZIDRgI=,rtWBnXvrtDFZCdPC4lcnNQIDNaQ=
9,24,QMKqYkM2UTxHzILNHb0tSZIDRgI=,UX5HFh5L+Dhp6qXFTazEih9rreM=
11,26,QMKqYkM2UTxHzILNHb0tSZIDRgI=,Z+hoAResnuVMfje34NmU7Mif0RQ=
10,26,QMKqYkM2UTxHzILNHb0tSZIDRgI=,Z+hoAResnuVMfje34NmU7Mif0RQ=
9,23,QMKqYkM2UTxHzILNHb0tSZIDRgI=,cl4OVDJRB73+EbragU0nz6CV27A=
9,20,SgUe+tQ7YNxFQH16P8Zylj3NHes=,N49mYb+TZWho/AK1qVF8qCyEZvY=
10,24,SgUe+tQ7YNxFQH16P8Zylj3NHes=,rtWBnXvrtDFZCdPC4lcnNQIDNaQ=
12,20,SgUe+tQ7YNxFQH16P8Zylj3NHes=,I6QC38CfWwQinZsw4nbBkEEH2cI=
10,23,SgUe+tQ7YNxFQH16P8Zylj3NHes=,TL0drG7Ms8Dd8Ci4VtTzpZRFAM4=
10,20,SgUe+tQ7YNxFQH16P8Zylj3NHes=,L5Mi/j48nFdVi0m5FccB3gox2gw=
13,19,SgUe+tQ7YNxFQH16P8Zylj3NHes=,CAXhP5+MMjezDKFdowQqSTlmYL8=
10,19,SgUe+tQ7YNxFQH16P8Zylj3NHes=,tWIgDaNH7Q3hW+VzitYln0AD8EU=
12,19,SgUe+tQ7YNxFQH16P8Zylj3NHes=,CAXhP5+MMjezDKFdowQqSTlmYL8=
9,22,SgUe+tQ7YNxFQH16P8Zylj3NHes=,cl4OVDJRB73+EbragU0nz6CV27A=
11,20,SgUe+tQ7YNxFQH16P8Zylj3NHes=,L5Mi/j48nFdVi0m5FccB3gox2gw=
12,23,SgUe+tQ7YNxFQH16P8Zylj3NHes=,537fnhI9zo/VYK8kUsX+pak2reo=
11,24,SgUe+tQ7YNxFQH16P8Zylj3NHes=,rtWBnXvrtDFZCdPC4lcnNQIDNaQ=
10,22,SgUe+tQ7YNxFQH16P8Zylj3NHes=,TL0drG7Ms8Dd8Ci4VtTzpZRFAM4=
14,19,SgUe+tQ7YNxFQH16P8Zylj3NHes=,L0dsn//za1zYD+B2w25FpOESQ0Y=
10,21,SgUe+tQ7YNxFQH16P8Zylj3NHes=,L5Mi/j48nFdVi0m5FccB3gox2gw=
11,19,SgUe+tQ7YNxFQH16P8Zylj3NHes=,tWIgDaNH7Q3hW+VzitYln0AD8EU=
13,24,SgUe+tQ7YNxFQH16P8Zylj3NHes=,ntN72jtVHLvvzeztEztLDGirKDw=
13,21,SgUe+tQ7YNxFQH16P8Zylj3NHes=,I6QC38CfWwQinZsw4nbBkEEH2cI=
9,21,SgUe+tQ7YNxFQH16P8Zylj3NHes=,N49mYb+TZWho/AK1qVF8qCyEZvY=
14,20,SgUe+tQ7YNxFQH16P8Zylj3NHes=,Q6pUBMBniz0hU0AU+MLkw+/aG6I=
13,20,SgUe+tQ7YNxFQH16P8Zylj3NHes=,I6QC38CfWwQinZsw4nbBkEEH2cI=
13,22,SgUe+tQ7YNxFQH16P8Zylj3NHes=,537fnhI9zo/VYK8kUsX+pak2reo=
9,19,SgUe+tQ7YNxFQH16P8Zylj3NHes=,GhkP7/1qJXm3oDzT0ykrqVxaw2I=
11,21,SgUe+tQ7YNxFQH16P8Zylj3NHes=,L5Mi/j48nFdVi0m5FccB3gox2gw=
12,24,SgUe+tQ7YNxFQH16P8Zylj3NHes=,ntN72jtVHLvvzeztEztLDGirKDw=
11,23,SgUe+tQ7YNxFQH16P8Zylj3NHes=,TL0drG7Ms8Dd8Ci4VtTzpZRFAM4=
14,23,SgUe+tQ7YNxFQH16P8Zylj3NHes=,S9jTQhKDxWKUP8ijZD8w5s6z6XA=
12,22,SgUe+tQ7YNxFQH16P8Zylj3NHes=,537fnhI9zo/VYK8kUsX+pak2reo=
12,21,SgUe+tQ7YNxFQH16P8Zylj3NHes=,I6QC38CfWwQinZsw4nbBkEEH2cI=
13,23,SgUe+tQ7YNxFQH16P8Zylj3NHes=,537fnhI9zo/VYK8kUsX+pak2reo=
14,22,SgUe+tQ7YNxFQH16P8Zylj3NHes=,S9jTQhKDxWKUP8ijZD8w5s6z6XA=
11,22,SgUe+tQ7YNxFQH16P8Zylj3NHes=,TL0drG7Ms8Dd8Ci4VtTzpZRFAM4=
14,21,SgUe+tQ7YNxFQH16P8Zylj3NHes=,Q6pUBMBniz0hU0AU+MLkw+/aG6I=
14,24,SgUe+tQ7YNxFQH16P8Zylj3NHes=,aIvHksnxK/iD2ydlrXWiWhUJ9GA=
19,31,FmK4lI7SgwdyFWb0t/3syo1fTnk=,0LlczlhbsDGDdmE6YHF8WhypFBE=
21,31,FmK4lI7SgwdyFWb0t/3syo1fTnk=,M/Ul1KQ4dKi87ZExYlhblkGSk0M=
20,31,FmK4lI7SgwdyFWb0t/3syo1fTnk=,M/Ul1KQ4dKi87ZExYlhblkGSk0M=
22,31,FmK4lI7SgwdyFWb0t/3syo1fTnk=,13IlB0c5qQKlI+przdqSBwzwpuU=
17,31,FmK4lI7SgwdyFWb0t/3syo1fTnk=,as6bJmJ6xPzMocnTZ7N9nuY5YrY=
18,31,FmK4lI7SgwdyFWb0t/3syo1fTnk=,0LlczlhbsDGDdmE6YHF8WhypFBE=
16,31,FmK4lI7SgwdyFWb0t/3syo1fTnk=,as6bJmJ6xPzMocnTZ7N9nuY5YrY=
23,31,FmK4lI7SgwdyFWb0t/3syo1fTnk=,13IlB0c5qQKlI+przdqSBwzwpuU=
24,31,FmK4lI7SgwdyFWb0t/3syo1fTnk=,Pw8mqZFwRbsmuPKKIcNCQ7veGnI=
27,31,T4OSX9fZG/+C4hEAJZd0jrSEZtw=,K4R6ogXIyiuqA6k4kT0CI00Ad10=
31,31,T4OSX9fZG/+C4hEAJZd0jrSEZtw=,cWoMJRDf9ke3EMu9fUPqiBuPWls=
25,31,T4OSX9fZG/+C4hEAJZd0jrSEZtw=,Pw8mqZFwRbsmuPKKIcNCQ7veGnI=
29,31,T4OSX9fZG/+C4hEAJZd0jrSEZtw=,hCwRraXOn41RhbPxWzMoSB7L1ks=
26,31,T4OSX9fZG/+C4hEAJZd0jrSEZtw=,K4R6ogXIyiuqA6k4kT0CI00Ad10=
31,29,T4OSX9fZG/+C4hEAJZd0jrSEZtw=,ron9HyqjSXrCUIkUsHx3GEgzK+Q=
30,31,T4OSX9fZG/+C4hEAJZd0jrSEZtw=,cWoMJRDf9ke3EMu9fUPqiBuPWls=
28,31,T4OSX9fZG/+C4hEAJZd0jrSEZtw=,hCwRraXOn41RhbPxWzMoSB7L1ks=
31,30,T4OSX9fZG/+C4hEAJZd0jrSEZtw=,cWoMJRDf9ke3EMu9fUPqiBuPWls=
30,30,T4OSX9fZG/+C4hEAJZd0jrSEZtw=,cWoMJRDf9ke3EMu9fUPqiBuPWls=
29,29,T4OSX9fZG/+C4hEAJZd0jrSEZtw=,F6QKHxEKmMpDHI5PDEjcFXE40aE=
30,29,T4OSX9fZG/+C4hEAJZd0jrSEZtw=,ron9HyqjSXrCUIkUsHx3GEgzK+Q=
29,30,T4OSX9fZG/+C4hEAJZd0jrSEZtw=,hCwRraXOn41RhbPxWzMoSB7L1ks=
23,30,meg0Ta+PMWgSJ1aIBZTvUNBUVD4=,13IlB0c5qQKlI+przdqSBwzwpuU=
25,29,meg0Ta+PMWgSJ1aIBZTvUNBUVD4=,8He17JM6NPP6DJBPJdBFU2w7vvc=
24,30,meg0Ta+PMWgSJ1aIBZTvUNBUVD4=,Pw8mqZFwRbsmuPKKIcNCQ7veGnI=
27,29,meg0Ta+PMWgSJ1aIBZTvUNBUVD4=,BGJRkNvlXDvVburo85zNkAH2DCU=
24,29,meg0Ta+PMWgSJ1aIBZTvUNBUVD4=,8He17JM6NPP6DJBPJdBFU2w7vvc=
27,30,meg0Ta+PMWgSJ1aIBZTvUNBUVD4=,K4R6ogXIyiuqA6k4kT0CI00Ad10=
23,29,meg0Ta+PMWgSJ1aIBZTvUNBUVD4=,btR+sod88w/9ZPyiDwXuSTBqY5U=
26,29,meg0Ta+PMWgSJ1aIBZTvUNBUVD4=,BGJRkNvlXDvVburo85zNkAH2DCU=
22,30,meg0Ta+PMWgSJ1aIBZTvUNBUVD4=,13IlB0c5qQKlI+przdqSBwzwpuU=
25,30,meg0Ta+PMWgSJ1aIBZTvUNBUVD4=,Pw8mqZFwRbsmuPKKIcNCQ7veGnI=
21,30,meg0Ta+PMWgSJ1aIBZTvUNBUVD4=,M/Ul1KQ4dKi87ZExYlhblkGSk0M=
28,29,meg0Ta+PMWgSJ1aIBZTvUNBUVD4=,F6QKHxEKmMpDHI5PDEjcFXE40aE=
22,29,meg0Ta+PMWgSJ1aIBZTvUNBUVD4=,btR+sod88w/9ZPyiDwXuSTBqY5U=
19,30,meg0Ta+PMWgSJ1aIBZTvUNBUVD4=,0LlczlhbsDGDdmE6YHF8WhypFBE=
26,30,meg0Ta+PMWgSJ1aIBZTvUNBUVD4=,K4R6ogXIyiuqA6k4kT0CI00Ad10=
20,29,meg0Ta+PMWgSJ1aIBZTvUNBUVD4=,vX8fFdzdT6GdwBAwuOtnE8yj7as=
21,29,meg0Ta+PMWgSJ1aIBZTvUNBUVD4=,vX8fFdzdT6GdwBAwuOtnE8yj7as=
17,30,meg0Ta+PMWgSJ1aIBZTvUNBUVD4=,as6bJmJ6xPzMocnTZ7N9nuY5YrY=
19,29,meg0Ta+PMWgSJ1aIBZTvUNBUVD4=,AcKmalmhFdZWWrVcBzxK8TQQw4A=
18,30,meg0Ta+PMWgSJ1aIBZTvUNBUVD4=,0LlczlhbsDGDdmE6YHF8WhypFBE=
28,30,meg0Ta+PMWgSJ1aIBZTvUNBUVD4=,hCwRraXOn41RhbPxWzMoSB7L1ks=
20,30,meg0Ta+PMWgSJ1aIBZTvUNBUVD4=,M/Ul1KQ4dKi87ZExYlhblkGSk0M=
16,29,meg0Ta+PMWgSJ1aIBZTvUNBUVD4=,OO1226ZQr3CT2Xl53i1L6cS8ogE=
16,30,TosCJNiSn75StEBnh625utXgkD4=,as6bJmJ6xPzMocnTZ7N9nuY5YrY=
17,29,TosCJNiSn75StEBnh625utXgkD4=,OO1226ZQr3CT2Xl53i1L6cS8ogE=
18,29,TosCJNiSn75StEBnh625utXgkD4=,AcKmalmhFdZWWrVcBzxK8TQQw4A=
16,28,TosCJNiSn75StEBnh625utXgkD4=,OO1226ZQr3CT2Xl53i1L6cS8ogE=
16,25,TosCJNiSn75StEBnh625utXgkD4=,N1y3kckq/yjb/qRGvHzWG96VYcY=
16,26,TosCJNiSn75StEBnh625utXgkD4=,9vXUNS8MnlHv2vP5xGg9O7I+Afg=
16,27,TosCJNiSn75StEBnh625utXgkD4=,9vXUNS8MnlHv2vP5xGg9O7I+Afg=
16,24,TosCJNiSn75StEBnh625utXgkD4=,N1y3kckq/yjb/qRGvHzWG96VYcY=
16,23,TosCJNiSn75StEBnh625utXgkD4=,lD8G9qyKooplyjsSE/i/gpp7LVE=
16,22,TosCJNiSn75StEBnh625utXgkD4=,lD8G9qyKooplyjsSE/i/gpp7LVE=
16,21,TosCJNiSn75StEBnh625utXgkD4=,sZs0oFZPZ7HCVx7PoBWWaDfhRfg=
16,19,CfHkxg3O0+ZkwBR2CnhskwLUhYk=,E7DmwiQGVm/PB1twvueBGtGUe/c=
16,20,CfHkxg3O0+ZkwBR2CnhskwLUhYk=,sZs0oFZPZ7HCVx7PoBWWaDfhRfg=
16,18,CfHkxg3O0+ZkwBR2CnhskwLUhYk=,E7DmwiQGVm/PB1twvueBGtGUe/c=
16,17,CfHkxg3O0+ZkwBR2CnhskwLUhYk=,hXCuk8rzB4bY/gTg/T6oa7q/+l0=
18,16,CfHkxg3O0+ZkwBR2CnhskwLUhYk=,hyklaar+kOMQKsX8dc6jAMLv4KM=
16,16,CfHkxg3O0+ZkwBR2CnhskwLUhYk=,hXCuk8rzB4bY/gTg/T6oa7q/+l0=
17,17,CfHkxg3O0+ZkwBR2CnhskwLUhYk=,hXCuk8rzB4bY/gTg/T6oa7q/+l0=
17,16,CfHkxg3O0+ZkwBR2CnhskwLUhYk=,hXCuk8rzB4bY/gTg/T6oa7q/+l0=
18,17,CfHkxg3O0+ZkwBR2CnhskwLUhYk=,hyklaar+kOMQKsX8dc6jAMLv4KM=
18,18,nZ2+DeMtFD7sIZdoSqKSSv8kKNE=,UqJO5X7XuZlV9jrEfQu0tf+6n18=
19,16,nZ2+DeMtFD7sIZdoSqKSSv8kKNE=,hyklaar+kOMQKsX8dc6jAMLv4KM=
17,18,nZ2+DeMtFD7sIZdoSqKSSv8kKNE=,E7DmwiQGVm/PB1twvueBGtGUe/c=
20,16,nZ2+DeMtFD7sIZdoSqKSSv8kKNE=,JjRYIsZacYA12ykS+FEFPUNenec=
20,18,nZ2+DeMtFD7sIZdoSqKSSv8kKNE=,RATPm69qRQ9YZP0PuE+C5xODt9g=
19,17,nZ2+DeMtFD7sIZdoSqKSSv8kKNE=,hyklaar+kOMQKsX8dc6jAMLv4KM=
23,16,nZ2+DeMtFD7sIZdoSqKSSv8kKNE=,HtT8HcxAuRC0smkIxs/1XhjQYPA=
19,18,nZ2+DeMtFD7sIZdoSqKSSv8kKNE=,UqJO5X7XuZlV9jrEfQu0tf+6n18=
22,16,nZ2+DeMtFD7sIZdoSqKSSv8kKNE=,HtT8HcxAuRC0smkIxs/1XhjQYPA=
20,17,nZ2+DeMtFD7sIZdoSqKSSv8kKNE=,JjRYIsZacYA12ykS+FEFPUNenec=
24,16,nZ2+DeMtFD7sIZdoSqKSSv8kKNE=,x62T27JTHgR8QGLrGtqkClL0iKU=
26,16,nZ2+DeMtFD7sIZdoSqKSSv8kKNE=,zS6x3GdIa8a9EJt3tUPWs3onab8=
25,16,nZ2+DeMtFD7sIZdoSqKSSv8kKNE=,x62T27JTHgR8QGLrGtqkClL0iKU=
21,16,nZ2+DeMtFD7sIZdoSqKSSv8kKNE=,JjRYIsZacYA12ykS+FEFPUNenec=
22,17,nZ2+DeMtFD7sIZdoSqKSSv8kKNE=,HtT8HcxAuRC0smkIxs/1XhjQYPA=
22,18,zH/m3cJ36cSllKM6ESKmgzS9N4g=,GZaKH0jHbcU1zDh2py4M/ZW5RIU=
21,17,zH/m3cJ36cSllKM6ESKmgzS9N4g=,JjRYIsZacYA12ykS+FEFPUNenec=
21,18,zH/m3cJ36cSllKM6ESKmgzS9N4g=,RATPm69qRQ9YZP0PuE+C5xODt9g=
26,17,zH/m3cJ36cSllKM6ESKmgzS9N4g=,zS6x3GdIa8a9EJt3tUPWs3onab8=
26,18,zH/m3cJ36cSllKM6ESKmgzS9N4g=,OilEMR0j8Jj5mJY8GM29s+iY4+M=
24,18,zH/m3cJ36cSllKM6ESKmgzS9N4g=,JE9b14IEx3PHniEZazyL6S7ypxw=
25,17,zH/m3cJ36cSllKM6ESKmgzS9N4g=,x62T27JTHgR8QGLrGtqkClL0iKU=
27,16,zH/m3cJ36cSllKM6ESKmgzS9N4g=,zS6x3GdIa8a9EJt3tUPWs3onab8=
25,18,zH/m3cJ36cSllKM6ESKmgzS9N4g=,JE9b14IEx3PHniEZazyL6S7ypxw=
24,17,zH/m3cJ36cSllKM6ESKmgzS9N4g=,x62T27JTHgR8QGLrGtqkClL0iKU=
28,16,zH/m3cJ36cSllKM6ESKmgzS9N4g=,WRLjLh3k87zeUtrQ8PzT0rzqTcU=
23,17,zH/m3cJ36cSllKM6ESKmgzS9N4g=,HtT8HcxAuRC0smkIxs/1XhjQYPA=
23,18,zH/m3cJ36cSllKM6ESKmgzS9N4g=,GZaKH0jHbcU1zDh2py4M/ZW5RIU=
28,17,P5sQCbbBu//SQzJs9osD3++jjeo=,WRLjLh3k87zeUtrQ8PzT0rzqTcU=
28,18,P5sQCbbBu//SQzJs9osD3++jjeo=,sZs0oFZPZ7HCVx7PoBWWaDfhRfg=
27,18,P5sQCbbBu//SQzJs9osD3++jjeo=,OilEMR0j8Jj5mJY8GM29s+iY4+M=
27,17,P5sQCbbBu//SQzJs9osD3++jjeo=,zS6x3GdIa8a9EJt3tUPWs3onab8=
31,16,P5sQCbbBu//SQzJs9osD3++jjeo=,ron9HyqjSXrCUIkUsHx3GEgzK+Q=
30,16,P5sQCbbBu//SQzJs9osD3++jjeo=,ron9HyqjSXrCUIkUsHx3GEgzK+Q=
29,16,P5sQCbbBu//SQzJs9osD3++jjeo=,WRLjLh3k87zeUtrQ8PzT0rzqTcU=
31,18,P5sQCbbBu//SQzJs9osD3++jjeo=,kaQDKOoQ+EDOKIPDk+Wx+djfrTs=
31,19,P5sQCbbBu//SQzJs9osD3++jjeo=,kaQDKOoQ+EDOKIPDk+Wx+djfrTs=
29,18,P5sQCbbBu//SQzJs9osD3++jjeo=,sZs0oFZPZ7HCVx7PoBWWaDfhRfg=
31,20,P5sQCbbBu//SQzJs9osD3++jjeo=,tagNUhw8KEQPF+iBVEWd7dk5jwI=
30,18,P5sQCbbBu//SQzJs9osD3++jjeo=,kaQDKOoQ+EDOKIPDk+Wx+djfrTs=
30,20,P5sQCbbBu//SQzJs9osD3++jjeo=,tagNUhw8KEQPF+iBVEWd7dk5jwI=
30,19,5MUqpBEW2tqm52kHozq7CIJsSa0=,kaQDKOoQ+EDOKIPDk+Wx+djfrTs=
29,17,5MUqpBEW2tqm52kHozq7CIJsSa0=,WRLjLh3k87zeUtrQ8PzT0rzqTcU=
31,22,5MUqpBEW2tqm52kHozq7CIJsSa0=,DG7pp/G84GyMZp/avy4I7xTYqh8=
29,20,5MUqpBEW2tqm52kHozq7CIJsSa0=,WrianOhSbo2r7ENLxuLgIK0whuU=
31,17,5MUqpBEW2tqm52kHozq7CIJsSa0=,ron9HyqjSXrCUIkUsHx3GEgzK+Q=
29,19,5MUqpBEW2tqm52kHozq7CIJsSa0=,sZs0oFZPZ7HCVx7PoBWWaDfhRfg=
30,17,5MUqpBEW2tqm52kHozq7CIJsSa0=,ron9HyqjSXrCUIkUsHx3GEgzK+Q=
31,24,5MUqpBEW2tqm52kHozq7CIJsSa0=,8kuWKRIAgblLkxIlQ+606U5JBL0=
31,25,5MUqpBEW2tqm52kHozq7CIJsSa0=,8kuWKRIAgblLkxIlQ+606U5JBL0=
30,22,5MUqpBEW2tqm52kHozq7CIJsSa0=,DG7pp/G84GyMZp/avy4I7xTYqh8=
29,22,5MUqpBEW2tqm52kHozq7CIJsSa0=,uVR/vSHGhGFzl9uCSPwSP8YLZYo=
31,23,5MUqpBEW2tqm52kHozq7CIJsSa0=,DG7pp/G84GyMZp/avy4I7xTYqh8=
31,27,5MUqpBEW2tqm52kHozq7CIJsSa0=,mSUAZK4Z27mennWOEf0CCGETI/U=
29,21,5MUqpBEW2tqm52kHozq7CIJsSa0=,WrianOhSbo2r7ENLxuLgIK0whuU=
30,21,5MUqpBEW2tqm52kHozq7CIJsSa0=,tagNUhw8KEQPF+iBVEWd7dk5jwI=
31,21,5MUqpBEW2tqm52kHozq7CIJsSa0=,tagNUhw8KEQPF+iBVEWd7dk5jwI=
31,28,5MUqpBEW2tqm52kHozq7CIJsSa0=,ron9HyqjSXrCUIkUsHx3GEgzK+Q=
31,26,5MUqpBEW2tqm52kHozq7CIJsSa0=,mSUAZK4Z27mennWOEf0CCGETI/U=
25,24,OGGz4L9VVJT/odYq5p1MsIMByfU=,cqGNA0fx8y/u1BFgfYVV4IVI3p4=
26,24,OGGz4L9VVJT/odYq5p1MsIMByfU=,8NpFQFCS47InUE9OXuzDDrVG1GA=
26,23,OGGz4L9VVJT/odYq5p1MsIMByfU=,nC2H7P1aojlMmBA/BFyyEp0it7w=
24,24,OGGz4L9VVJT/odYq5p1MsIMByfU=,cqGNA0fx8y/u1BFgfYVV4IVI3p4=
23,23,OGGz4L9VVJT/odYq5p1MsIMByfU=,vcdtOC2D/JPhGh/lTirGn+2/rY0=
25,23,OGGz4L9VVJT/odYq5p1MsIMByfU=,pnVC5eau6RkqxBJ08e89e8fswAY=
23,24,OGGz4L9VVJT/odYq5p1MsIMByfU=,cpUYTT6jXadq25myrZeTwXhK9G8=
24,23,gMBhCqidEuIIvJxS2EeXnBI3biU=,pnVC5eau6RkqxBJ08e89e8fswAY=
21,23,gMBhCqidEuIIvJxS2EeXnBI3biU=,p0CVLoYw/j1QmVycQDCChL2as8E=
22,23,gMBhCqidEuIIvJxS2EeXnBI3biU=,vcdtOC2D/JPhGh/lTirGn+2/rY0=
21,24,gMBhCqidEuIIvJxS2EeXnBI3biU=,I0FjMCSiouEoOSndDOrHq4rHggU=
22,24,gMBhCqidEuIIvJxS2EeXnBI3biU=,cpUYTT6jXadq25myrZeTwXhK9G8=
19,19,gMBhCqidEuIIvJxS2EeXnBI3biU=,UqJO5X7XuZlV9jrEfQu0tf+6n18=
20,19,gMBhCqidEuIIvJxS2EeXnBI3biU=,RATPm69qRQ9YZP0PuE+C5xODt9g=
19,20,gMBhCqidEuIIvJxS2EeXnBI3biU=,7WOTZfCRkqUBaJdadr4PSymf1FU=
20,22,gMBhCqidEuIIvJxS2EeXnBI3biU=,p0CVLoYw/j1QmVycQDCChL2as8E=
17,21,gMBhCqidEuIIvJxS2EeXnBI3biU=,sZs0oFZPZ7HCVx7PoBWWaDfhRfg=
17,19,gMBhCqidEuIIvJxS2EeXnBI3biU=,E7DmwiQGVm/PB1twvueBGtGUe/c=
20,24,gMBhCqidEuIIvJxS2EeXnBI3biU=,I0FjMCSiouEoOSndDOrHq4rHggU=
20,21,gMBhCqidEuIIvJxS2EeXnBI3biU=,ZGWb1vLjlBVXV8v5WvFc3VCe2is=
19,24,gMBhCqidEuIIvJxS2EeXnBI3biU=,wmM3l0nppquMcGOZpvRBlXK4KvA=
18,20,gMBhCqidEuIIvJxS2EeXnBI3biU=,7WOTZfCRkqUBaJdadr4PSymf1FU=
20,20,gMBhCqidEuIIvJxS2EeXnBI3biU=,ZGWb1vLjlBVXV8v5WvFc3VCe2is=
18,24,gMBhCqidEuIIvJxS2EeXnBI3biU=,wmM3l0nppquMcGOZpvRBlXK4KvA=
17,22,gMBhCqidEuIIvJxS2EeXnBI3biU=,lD8G9qyKooplyjsSE/i/gpp7LVE=
18,19,gMBhCqidEuIIvJxS2EeXnBI3biU=,UqJO5X7XuZlV9jrEfQu0tf+6n18=
17,28,gMBhCqidEuIIvJxS2EeXnBI3biU=,OO1226ZQr3CT2Xl53i1L6cS8ogE=
17,23,gMBhCqidEuIIvJxS2EeXnBI3biU=,lD8G9qyKooplyjsSE/i/gpp7LVE=
19,22,gMBhCqidEuIIvJxS2EeXnBI3biU=,JjRYIsZacYA12ykS+FEFPUNenec=
17,20,HzAE+vza58vrSZEDDca5LGl9LQM=,sZs0oFZPZ7HCVx7PoBWWaDfhRfg=
18,26,HzAE+vza58vrSZEDDca5LGl9LQM=,X0C53iJMLUci9n+HxTNaVUwdI8o=
19,21,HzAE+vza58vrSZEDDca5LGl9LQM=,7WOTZfCRkqUBaJdadr4PSymf1FU=
19,23,HzAE+vza58vrSZEDDca5LGl9LQM=,JjRYIsZacYA12ykS+FEFPUNenec=
18,22,HzAE+vza58vrSZEDDca5LGl9LQM=,JjRYIsZacYA12ykS+FEFPUNenec=
18,28,HzAE+vza58vrSZEDDca5LGl9LQM=,AcKmalmhFdZWWrVcBzxK8TQQw4A=
18,23,HzAE+vza58vrSZEDDca5LGl9LQM=,JjRYIsZacYA12ykS+FEFPUNenec=
18,21,HzAE+vza58vrSZEDDca5LGl9LQM=,7WOTZfCRkqUBaJdadr4PSymf1FU=
18,27,HzAE+vza58vrSZEDDca5LGl9LQM=,X0C53iJMLUci9n+HxTNaVUwdI8o=
20,23,HzAE+vza58vrSZEDDca5LGl9LQM=,p0CVLoYw/j1QmVycQDCChL2as8E=
17,24,HzAE+vza58vrSZEDDca5LGl9LQM=,N1y3kckq/yjb/qRGvHzWG96VYcY=
18,25,HzAE+vza58vrSZEDDca5LGl9LQM=,wmM3l0nppquMcGOZpvRBlXK4KvA=
17,27,HzAE+vza58vrSZEDDca5LGl9LQM=,9vXUNS8MnlHv2vP5xGg9O7I+Afg=
17,25,HzAE+vza58vrSZEDDca5LGl9LQM=,N1y3kckq/yjb/qRGvHzWG96VYcY=
17,26,HzAE+vza58vrSZEDDca5LGl9LQM=,9vXUNS8MnlHv2vP5xGg9O7I+Afg=
20,25,HzAE+vza58vrSZEDDca5LGl9LQM=,I0FjMCSiouEoOSndDOrHq4rHggU=
20,28,HzAE+vza58vrSZEDDca5LGl9LQM=,vX8fFdzdT6GdwBAwuOtnE8yj7as=
22,25,HzAE+vza58vrSZEDDca5LGl9LQM=,cpUYTT6jXadq25myrZeTwXhK9G8=
19,26,HzAE+vza58vrSZEDDca5LGl9LQM=,X0C53iJMLUci9n+HxTNaVUwdI8o=
23,25,HzAE+vza58vrSZEDDca5LGl9LQM=,cpUYTT6jXadq25myrZeTwXhK9G8=
19,25,xIbmfqcCMwzgUDMjoWzSo/2EcN8=,wmM3l0nppquMcGOZpvRBlXK4KvA=
21,27,xIbmfqcCMwzgUDMjoWzSo/2EcN8=,BIfHaihuvF5twZHVuoNf8EXNaWE=
24,28,xIbmfqcCMwzgUDMjoWzSo/2EcN8=,8He17JM6NPP6DJBPJdBFU2w7vvc=
19,28,xIbmfqcCMwzgUDMjoWzSo/2EcN8=,AcKmalmhFdZWWrVcBzxK8TQQw4A=
26,25,xIbmfqcCMwzgUDMjoWzSo/2EcN8=,8NpFQFCS47InUE9OXuzDDrVG1GA=
21,25,xIbmfqcCMwzgUDMjoWzSo/2EcN8=,I0FjMCSiouEoOSndDOrHq4rHggU=
27,27,xIbmfqcCMwzgUDMjoWzSo/2EcN8=,kYd4ZHPxGv9Eu7EKa84TJSkswME=
19,27,xIbmfqcCMwzgUDMjoWzSo/2EcN8=,X0C53iJMLUci9n+HxTNaVUwdI8o=
25,26,xIbmfqcCMwzgUDMjoWzSo/2EcN8=,kMCaYf9rK8IjK1sZmD0ha0gsjWI=
23,27,xIbmfqcCMwzgUDMjoWzSo/2EcN8=,cl4OVDJRB73+EbragU0nz6CV27A=
28,27,xIbmfqcCMwzgUDMjoWzSo/2EcN8=,2uu45VEfL6RJg+asvrO2aOGXbUE=
20,26,xIbmfqcCMwzgUDMjoWzSo/2EcN8=,BIfHaihuvF5twZHVuoNf8EXNaWE=
25,27,xIbmfqcCMwzgUDMjoWzSo/2EcN8=,kMCaYf9rK8IjK1sZmD0ha0gsjWI=
24,26,xIbmfqcCMwzgUDMjoWzSo/2EcN8=,kMCaYf9rK8IjK1sZmD0ha0gsjWI=
30,27,xIbmfqcCMwzgUDMjoWzSo/2EcN8=,mSUAZK4Z27mennWOEf0CCGETI/U=
20,27,xIbmfqcCMwzgUDMjoWzSo/2EcN8=,BIfHaihuvF5twZHVuoNf8EXNaWE=
25,25,xIbmfqcCMwzgUDMjoWzSo/2EcN8=,cqGNA0fx8y/u1BFgfYVV4IVI3p4=
22,27,xIbmfqcCMwzgUDMjoWzSo/2EcN8=,cl4OVDJRB73+EbragU0nz6CV27A=
26,26,xIbmfqcCMwzgUDMjoWzSo/2EcN8=,kYd4ZHPxGv9Eu7EKa84TJSkswME=
29,27,xIbmfqcCMwzgUDMjoWzSo/2EcN8=,2uu45VEfL6RJg+asvrO2aOGXbUE=
27,28,xIbmfqcCMwzgUDMjoWzSo/2EcN8=,BGJRkNvlXDvVburo85zNkAH2DCU=
25,28,xIbmfqcCMwzgUDMjoWzSo/2EcN8=,8He17JM6NPP6DJBPJdBFU2w7vvc=
23,26,xIbmfqcCMwzgUDMjoWzSo/2EcN8=,cl4OVDJRB73+EbragU0nz6CV27A=
29,28,xIbmfqcCMwzgUDMjoWzSo/2EcN8=,F6QKHxEKmMpDHI5PDEjcFXE40aE=
26,28,xIbmfqcCMwzgUDMjoWzSo/2EcN8=,BGJRkNvlXDvVburo85zNkAH2DCU=
30,28,xIbmfqcCMwzgUDMjoWzSo/2EcN8=,ron9HyqjSXrCUIkUsHx3GEgzK+Q=
22,26,xIbmfqcCMwzgUDMjoWzSo/2EcN8=,cl4OVDJRB73+EbragU0nz6CV27A=
27,23,xIbmfqcCMwzgUDMjoWzSo/2EcN8=,nC2H7P1aojlMmBA/BFyyEp0it7w=
26,27,xIbmfqcCMwzgUDMjoWzSo/2EcN8=,kYd4ZHPxGv9Eu7EKa84TJSkswME=
23,28,xIbmfqcCMwzgUDMjoWzSo/2EcN8=,btR+sod88w/9ZPyiDwXuSTBqY5U=
29,24,xIbmfqcCMwzgUDMjoWzSo/2EcN8=,heTAGCedfvijeUSLlaki3VeavMI=
28,28,xIbmfqcCMwzgUDMjoWzSo/2EcN8=,F6QKHxEKmMpDHI5PDEjcFXE40aE=
21,28,xIbmfqcCMwzgUDMjoWzSo/2EcN8=,vX8fFdzdT6GdwBAwuOtnE8yj7as=
27,24,xIbmfqcCMwzgUDMjoWzSo/2EcN8=,8NpFQFCS47InUE9OXuzDDrVG1GA=
24,25,xIbmfqcCMwzgUDMjoWzSo/2EcN8=,cqGNA0fx8y/u1BFgfYVV4IVI3p4=
28,24,xIbmfqcCMwzgUDMjoWzSo/2EcN8=,heTAGCedfvijeUSLlaki3VeavMI=
22,28,xIbmfqcCMwzgUDMjoWzSo/2EcN8=,btR+sod88w/9ZPyiDwXuSTBqY5U=
28,26,xIbmfqcCMwzgUDMjoWzSo/2EcN8=,2uu45VEfL6RJg+asvrO2aOGXbUE=
24,27,xIbmfqcCMwzgUDMjoWzSo/2EcN8=,kMCaYf9rK8IjK1sZmD0ha0gsjWI=
27,26,wUhr58YbMwm3aPBTzxr7SAYGlTY=,kYd4ZHPxGv9Eu7EKa84TJSkswME=
21,26,wUhr58YbMwm3aPBTzxr7SAYGlTY=,BIfHaihuvF5twZHVuoNf8EXNaWE=
29,23,wUhr58YbMwm3aPBTzxr7SAYGlTY=,uVR/vSHGhGFzl9uCSPwSP8YLZYo=
28,23,wUhr58YbMwm3aPBTzxr7SAYGlTY=,uVR/vSHGhGFzl9uCSPwSP8YLZYo=
21,19,wUhr58YbMwm3aPBTzxr7SAYGlTY=,RATPm69qRQ9YZP0PuE+C5xODt9g=
24,19,wUhr58YbMwm3aPBTzxr7SAYGlTY=,JE9b14IEx3PHniEZazyL6S7ypxw=
30,24,wUhr58YbMwm3aPBTzxr7SAYGlTY=,8kuWKRIAgblLkxIlQ+606U5JBL0=
25,22,wUhr58YbMwm3aPBTzxr7SAYGlTY=,pnVC5eau6RkqxBJ08e89e8fswAY=
27,25,wUhr58YbMwm3aPBTzxr7SAYGlTY=,8NpFQFCS47InUE9OXuzDDrVG1GA=
22,22,wUhr58YbMwm3aPBTzxr7SAYGlTY=,vcdtOC2D/JPhGh/lTirGn+2/rY0=
24,21,wUhr58YbMwm3aPBTzxr7SAYGlTY=,SAIfR5yJPo6Qm8zU13W92LSfSEg=
25,21,wUhr58YbMwm3aPBTzxr7SAYGlTY=,SAIfR5yJPo6Qm8zU13W92LSfSEg=
21,20,wUhr58YbMwm3aPBTzxr7SAYGlTY=,ZGWb1vLjlBVXV8v5WvFc3VCe2is=
29,26,wUhr58YbMwm3aPBTzxr7SAYGlTY=,2uu45VEfL6RJg+asvrO2aOGXbUE=
23,21,wUhr58YbMwm3aPBTzxr7SAYGlTY=,SKC2NmWGoJqpO/0TJK2V+z3a6pA=
25,20,wUhr58YbMwm3aPBTzxr7SAYGlTY=,SAIfR5yJPo6Qm8zU13W92LSfSEg=
28,22,wUhr58YbMwm3aPBTzxr7SAYGlTY=,uVR/vSHGhGFzl9uCSPwSP8YLZYo=
27,20,wUhr58YbMwm3aPBTzxr7SAYGlTY=,uhTTzUAiKCiluZwLdhT7LnHxPMo=
27,19,wUhr58YbMwm3aPBTzxr7SAYGlTY=,OilEMR0j8Jj5mJY8GM29s+iY4+M=
22,19,wUhr58YbMwm3aPBTzxr7SAYGlTY=,GZaKH0jHbcU1zDh2py4M/ZW5RIU=
24,20,wUhr58YbMwm3aPBTzxr7SAYGlTY=,SAIfR5yJPo6Qm8zU13W92LSfSEg=
29,25,wUhr58YbMwm3aPBTzxr7SAYGlTY=,heTAGCedfvijeUSLlaki3VeavMI=
26,19,wUhr58YbMwm3aPBTzxr7SAYGlTY=,OilEMR0j8Jj5mJY8GM29s+iY4+M=
28,21,wUhr58YbMwm3aPBTzxr7SAYGlTY=,WrianOhSbo2r7ENLxuLgIK0whuU=
26,20,wUhr58YbMwm3aPBTzxr7SAYGlTY=,uhTTzUAiKCiluZwLdhT7LnHxPMo=
21,21,wUhr58YbMwm3aPBTzxr7SAYGlTY=,ZGWb1vLjlBVXV8v5WvFc3VCe2is=
28,20,wUhr58YbMwm3aPBTzxr7SAYGlTY=,WrianOhSbo2r7ENLxuLgIK0whuU=
23,19,wUhr58YbMwm3aPBTzxr7SAYGlTY=,GZaKH0jHbcU1zDh2py4M/ZW5RIU=
30,25,wUhr58YbMwm3aPBTzxr7SAYGlTY=,8kuWKRIAgblLkxIlQ+606U5JBL0=
25,19,wUhr58YbMwm3aPBTzxr7SAYGlTY=,JE9b14IEx3PHniEZazyL6S7ypxw=
28,25,wUhr58YbMwm3aPBTzxr7SAYGlTY=,heTAGCedfvijeUSLlaki3VeavMI=
22,21,wUhr58YbMwm3aPBTzxr7SAYGlTY=,SKC2NmWGoJqpO/0TJK2V+z3a6pA=
24,22,wUhr58YbMwm3aPBTzxr7SAYGlTY=,pnVC5eau6RkqxBJ08e89e8fswAY=
27,21,wUhr58YbMwm3aPBTzxr7SAYGlTY=,uhTTzUAiKCiluZwLdhT7LnHxPMo=
27,22,wUhr58YbMwm3aPBTzxr7SAYGlTY=,nC2H7P1aojlMmBA/BFyyEp0it7w=
30,23,wUhr58YbMwm3aPBTzxr7SAYGlTY=,DG7pp/G84GyMZp/avy4I7xTYqh8=
26,21,wUhr58YbMwm3aPBTzxr7SAYGlTY=,uhTTzUAiKCiluZwLdhT7LnHxPMo=
23,22,wUhr58YbMwm3aPBTzxr7SAYGlTY=,vcdtOC2D/JPhGh/lTirGn+2/rY0=
21,22,wUhr58YbMwm3aPBTzxr7SAYGlTY=,p0CVLoYw/j1QmVycQDCChL2as8E=
26,22,wUhr58YbMwm3aPBTzxr7SAYGlTY=,nC2H7P1aojlMmBA/BFyyEp0it7w=
28,19,wUhr58YbMwm3aPBTzxr7SAYGlTY=,sZs0oFZPZ7HCVx7PoBWWaDfhRfg=
22,20,wUhr58YbMwm3aPBTzxr7SAYGlTY=,SKC2NmWGoJqpO/0TJK2V+z3a6pA=
30,26,wUhr58YbMwm3aPBTzxr7SAYGlTY=,mSUAZK4Z27mennWOEf0CCGETI/U=
23,20,wUhr58YbMwm3aPBTzxr7SAYGlTY=,SKC2NmWGoJqpO/0TJK2V+z3a6pA=
2,14,7acKkE0F4S/Rrh7UKtVLvy93UzI=,28p92KQgPXunUIaOmY61TOkgOM0=
1,13,7acKkE0F4S/Rrh7UKtVLvy93UzI=,sZs0oFZPZ7HCVx7PoBWWaDfhRfg=
0,13,7acKkE0F4S/Rrh7UKtVLvy93UzI=,sZs0oFZPZ7HCVx7PoBWWaDfhRfg=
2,13,n2dln5o/AWh1UTL5r97JOudtvZE=,AqWQ0RcuFdM+ceKFGa1jXgk8Ac8=
4,15,n2dln5o/AWh1UTL5r97JOudtvZE=,OWSRr21A9sC1KBdAw2FeKHfWG9c=
2,15,n2dln5o/AWh1UTL5r97JOudtvZE=,28p92KQgPXunUIaOmY61TOkgOM0=
3,15,n2dln5o/AWh1UTL5r97JOudtvZE=,28p92KQgPXunUIaOmY61TOkgOM0=
5,15,n2dln5o/AWh1UTL5r97JOudtvZE=,OWSRr21A9sC1KBdAw2FeKHfWG9c=
3,13,n2dln5o/AWh1UTL5r97JOudtvZE=,AqWQ0RcuFdM+ceKFGa1jXgk8Ac8=
1,15,n2dln5o/AWh1UTL5r97JOudtvZE=,UhRZTZDwVgJY//XKTLSx+JSo6I0=
6,15,n2dln5o/AWh1UTL5r97JOudtvZE=,UX5HFh5L+Dhp6qXFTazEih9rreM=
0,15,n2dln5o/AWh1UTL5r97JOudtvZE=,UhRZTZDwVgJY//XKTLSx+JSo6I0=
4,14,n2dln5o/AWh1UTL5r97JOudtvZE=,OWSRr21A9sC1KBdAw2FeKHfWG9c=
1,14,n2dln5o/AWh1UTL5r97JOudtvZE=,UhRZTZDwVgJY//XKTLSx+JSo6I0=
4,13,n2dln5o/AWh1UTL5r97JOudtvZE=,3x0FrGCd2LDtN4+wdMp7ZfFUQdk=
3,14,n2dln5o/AWh1UTL5r97JOudtvZE=,28p92KQgPXunUIaOmY61TOkgOM0=
0,14,n2dln5o/AWh1UTL5r97JOudtvZE=,UhRZTZDwVgJY//XKTLSx+JSo6I0=
5,14,n2dln5o/AWh1UTL5r97JOudtvZE=,OWSRr21A9sC1KBdAw2FeKHfWG9c=
6,13,n2dln5o/AWh1UTL5r97JOudtvZE=,PGth5lNb8VEVv37yKYluNHI/3qc=
6,14,n2dln5o/AWh1UTL5r97JOudtvZE=,UX5HFh5L+Dhp6qXFTazEih9rreM=
8,15,n2dln5o/AWh1UTL5r97JOudtvZE=,btR+sod88w/9ZPyiDwXuSTBqY5U=
7,15,n2dln5o/AWh1UTL5r97JOudtvZE=,UX5HFh5L+Dhp6qXFTazEih9rreM=
5,13,n2dln5o/AWh1UTL5r97JOudtvZE=,3x0FrGCd2LDtN4+wdMp7ZfFUQdk=
10,15,u+OpsH1zLXCVmUbb+r//xku5Psg=,1JsWX5IWnVFtYMF5QvwqYoIrY6U=
7,14,u+OpsH1zLXCVmUbb+r//xku5Psg=,UX5HFh5L+Dhp6qXFTazEih9rreM=
9,15,u+OpsH1zLXCVmUbb+r//xku5Psg=,btR+sod88w/9ZPyiDwXuSTBqY5U=
8,13,u+OpsH1zLXCVmUbb+r//xku5Psg=,jXE3TzT4FkCS+ZC4Rki371Dptm0=
8,14,u+OpsH1zLXCVmUbb+r//xku5Psg=,btR+sod88w/9ZPyiDwXuSTBqY5U=
7,13,u+OpsH1zLXCVmUbb+r//xku5Psg=,PGth5lNb8VEVv37yKYluNHI/3qc=
9,14,u+OpsH1zLXCVmUbb+r//xku5Psg=,btR+sod88w/9ZPyiDwXuSTBqY5U=
12,15,u+OpsH1zLXCVmUbb+r//xku5Psg=,DjZKl67MwjYNnRO+7gEZJ7i4hns=
9,13,u+OpsH1zLXCVmUbb+r//xku5Psg=,jXE3TzT4FkCS+ZC4Rki371Dptm0=
11,15,u+OpsH1zLXCVmUbb+r//xku5Psg=,1JsWX5IWnVFtYMF5QvwqYoIrY6U=
10,14,u+OpsH1zLXCVmUbb+r//xku5Psg=,1JsWX5IWnVFtYMF5QvwqYoIrY6U=
13,15,u+OpsH1zLXCVmUbb+r//xku5Psg=,DjZKl67MwjYNnRO+7gEZJ7i4hns=
10,13,u+OpsH1zLXCVmUbb+r//xku5Psg=,L5Mi/j48nFdVi0m5FccB3gox2gw=
15,15,u+OpsH1zLXCVmUbb+r//xku5Psg=,cPbZ0IHrDpsX/bgGDygLZD7S4UM=
11,14,u+OpsH1zLXCVmUbb+r//xku5Psg=,1JsWX5IWnVFtYMF5QvwqYoIrY6U=
14,15,u+OpsH1zLXCVmUbb+r//xku5Psg=,cPbZ0IHrDpsX/bgGDygLZD7S4UM=
11,13,HPQ2uQfy6dCUbZoBcR5sJ0n9w5c=,L5Mi/j48nFdVi0m5FccB3gox2gw=
12,13,HPQ2uQfy6dCUbZoBcR5sJ0n9w5c=,kZIDx1qhi3SQCsLhj6LyZt25or4=
12,14,HPQ2uQfy6dCUbZoBcR5sJ0n9w5c=,DjZKl67MwjYNnRO+7gEZJ7i4hns=
15,14,HPQ2uQfy6dCUbZoBcR5sJ0n9w5c=,cPbZ0IHrDpsX/bgGDygLZD7S4UM=
15,13,HPQ2uQfy6dCUbZoBcR5sJ0n9w5c=,1/6hNpQgXlbgs6XQ59uSQjI4TNY=
14,13,HPQ2uQfy6dCUbZoBcR5sJ0n9w5c=,1/6hNpQgXlbgs6XQ59uSQjI4TNY=
15,11,HPQ2uQfy6dCUbZoBcR5sJ0n9w5c=,jNPBnIxaZ3n+Nqx6KDoKm6kFfbQ=
15,12,HPQ2uQfy6dCUbZoBcR5sJ0n9w5c=,1/6hNpQgXlbgs6XQ59uSQjI4TNY=
14,12,HPQ2uQfy6dCUbZoBcR5sJ0n9w5c=,1/6hNpQgXlbgs6XQ59uSQjI4TNY=
14,14,HPQ2uQfy6dCUbZoBcR5sJ0n9w5c=,cPbZ0IHrDpsX/bgGDygLZD7S4UM=
14,11,HPQ2uQfy6dCUbZoBcR5sJ0n9w5c=,jNPBnIxaZ3n+Nqx6KDoKm6kFfbQ=
13,13,HPQ2uQfy6dCUbZoBcR5sJ0n9w5c=,kZIDx1qhi3SQCsLhj6LyZt25or4=
15,10,HPQ2uQfy6dCUbZoBcR5sJ0n9w5c=,jNPBnIxaZ3n+Nqx6KDoKm6kFfbQ=
13,12,HPQ2uQfy6dCUbZoBcR5sJ0n9w5c=,kZIDx1qhi3SQCsLhj6LyZt25or4=
13,14,HPQ2uQfy6dCUbZoBcR5sJ0n9w5c=,DjZKl67MwjYNnRO+7gEZJ7i4hns=
13,11,HPQ2uQfy6dCUbZoBcR5sJ0n9w5c=,VopkDUjPt8rtysIarCc5/Ya1NSI=
15,9,HPQ2uQfy6dCUbZoBcR5sJ0n9w5c=,WRLjLh3k87zeUtrQ8PzT0rzqTcU=
13,10,eDet8FNkMuOqsgChDTnWyTO9now=,VopkDUjPt8rtysIarCc5/Ya1NSI=
14,9,eDet8FNkMuOqsgChDTnWyTO9now=,WRLjLh3k87zeUtrQ8PzT0rzqTcU=
14,10,eDet8FNkMuOqsgChDTnWyTO9now=,jNPBnIxaZ3n+Nqx6KDoKm6kFfbQ=
13,9,eDet8FNkMuOqsgChDTnWyTO9now=,e3M2YOGfzAPQTXHPOoPXwaaJ+Ck=
15,8,eDet8FNkMuOqsgChDTnWyTO9now=,WRLjLh3k87zeUtrQ8PzT0rzqTcU=
15,7,eDet8FNkMuOqsgChDTnWyTO9now=,b7PhSj6ZvwxJW2XlZY7dOrcN04w=
14,7,eDet8FNkMuOqsgChDTnWyTO9now=,b7PhSj6ZvwxJW2XlZY7dOrcN04w=
15,5,eDet8FNkMuOqsgChDTnWyTO9now=,7cH+JR9r6JUv7TjhvYjnb0P4nFU=
13,7,eDet8FNkMuOqsgChDTnWyTO9now=,t6PpNO/rswSU1g5afW32ZGEzHe8=
15,6,eDet8FNkMuOqsgChDTnWyTO9now=,b7PhSj6ZvwxJW2XlZY7dOrcN04w=
14,8,Jz7vjvLudkC57pruLZ+8Inh6D44=,WRLjLh3k87zeUtrQ8PzT0rzqTcU=
13,5,Jz7vjvLudkC57pruLZ+8Inh6D44=,LWzLphGkDyhW/vXRQPKCSOwTNlI=
14,6,Jz7vjvLudkC57pruLZ+8Inh6D44=,b7PhSj6ZvwxJW2XlZY7dOrcN04w=
13,8,Jz7vjvLudkC57pruLZ+8Inh6D44=,e3M2YOGfzAPQTXHPOoPXwaaJ+Ck=
15,4,Jz7vjvLudkC57pruLZ+8Inh6D44=,7cH+JR9r6JUv7TjhvYjnb0P4nFU=
13,6,Jz7vjvLudkC57pruLZ+8Inh6D44=,t6PpNO/rswSU1g5afW32ZGEzHe8=
15,2,Jz7vjvLudkC57pruLZ+8Inh6D44=,TB+PM2tFKoVEHQ6eI+ScYbnzUms=
14,5,Jz7vjvLudkC57pruLZ+8Inh6D44=,7cH+JR9r6JUv7TjhvYjnb0P4nFU=
15,0,Jz7vjvLudkC57pruLZ+8Inh6D44=,b1/0PeTKbYKiZ0iWQDcduYWi3RE=
15,3,Jz7vjvLudkC57pruLZ+8Inh6D44=,TB+PM2tFKoVEHQ6eI+ScYbnzUms=
14,0,Jz7vjvLudkC57pruLZ+8Inh6D44=,b1/0PeTKbYKiZ0iWQDcduYWi3RE=
15,1,Jz7vjvLudkC57pruLZ+8Inh6D44=,b1/0PeTKbYKiZ0iWQDcduYWi3RE=
13,0,Jz7vjvLudkC57pruLZ+8Inh6D44=,GxjGi6GIccMTrVrOizRlXQEoUhU=
12,0,Jz7vjvLudkC57pruLZ+8Inh6D44=,GxjGi6GIccMTrVrOizRlXQEoUhU=
11,0,hPzJBpuwpRQUgwZZs9gIbX/UBdw=,z9nh4vB9vDN+Hsqk3HYQtiM/Hts=
9,0,hPzJBpuwpRQUgwZZs9gIbX/UBdw=,3shMGEJW6yY4ie0rZOHr+UBMKfI=
10,0,hPzJBpuwpRQUgwZZs9gIbX/UBdw=,z9nh4vB9vDN+Hsqk3HYQtiM/Hts=
8,0,hPzJBpuwpRQUgwZZs9gIbX/UBdw=,3shMGEJW6yY4ie0rZOHr+UBMKfI=
5,0,hPzJBpuwpRQUgwZZs9gIbX/UBdw=,RoUC6lXmNBG/Nd9AL8hq7N+prLk=
6,0,hPzJBpuwpRQUgwZZs9gIbX/UBdw=,BFQghk3KpMBHPWRUzHxWJUxkRdA=
7,0,hPzJBpuwpRQUgwZZs9gIbX/UBdw=,BFQghk3KpMBHPWRUzHxWJUxkRdA=
4,0,XvWnSpBICEzkf8TnLZUpve7zs/k=,RoUC6lXmNBG/Nd9AL8hq7N+prLk=
1,0,XvWnSpBICEzkf8TnLZUpve7zs/k=,R8wqAW7rCutcl+/gCiWH7CRigCk=
3,0,XvWnSpBICEzkf8TnLZUpve7zs/k=,JhdWkzmjoY5jyS1do80ZnWt87gc=
0,0,XvWnSpBICEzkf8TnLZUpve7zs/k=,R8wqAW7rCutcl+/gCiWH7CRigCk=
2,0,XvWnSpBICEzkf8TnLZUpve7zs/k=,JhdWkzmjoY5jyS1do80ZnWt87gc=
1,2,XvWnSpBICEzkf8TnLZUpve7zs/k=,aPKNYuHAK5ob6K2kzKJimXTjptg=
0,2,XvWnSpBICEzkf8TnLZUpve7zs/k=,aPKNYuHAK5ob6K2kzKJimXTjptg=
2,2,XvWnSpBICEzkf8TnLZUpve7zs/k=,VItCOlhgvmSMEqZdLT3DKzu7LLo=
0,1,XvWnSpBICEzkf8TnLZUpve7zs/k=,R8wqAW7rCutcl+/gCiWH7CRigCk=
0,4,XvWnSpBICEzkf8TnLZUpve7zs/k=,7lm8d3vy4QvqdY2+Q36L5u38WSM=
1,3,XvWnSpBICEzkf8TnLZUpve7zs/k=,aPKNYuHAK5ob6K2kzKJimXTjptg=
1,1,XvWnSpBICEzkf8TnLZUpve7zs/k=,R8wqAW7rCutcl+/gCiWH7CRigCk=
0,3,XvWnSpBICEzkf8TnLZUpve7zs/k=,aPKNYuHAK5ob6K2kzKJimXTjptg=
2,1,XvWnSpBICEzkf8TnLZUpve7zs/k=,JhdWkzmjoY5jyS1do80ZnWt87gc=
2,3,XvWnSpBICEzkf8TnLZUpve7zs/k=,VItCOlhgvmSMEqZdLT3DKzu7LLo=
1,4,MVky1mppCthLT8o8Jl1Vx8++3Lk=,7lm8d3vy4QvqdY2+Q36L5u38WSM=
0,6,MVky1mppCthLT8o8Jl1Vx8++3Lk=,OilEMR0j8Jj5mJY8GM29s+iY4+M=
2,4,MVky1mppCthLT8o8Jl1Vx8++3Lk=,wmM3l0nppquMcGOZpvRBlXK4KvA=
0,5,MVky1mppCthLT8o8Jl1Vx8++3Lk=,7lm8d3vy4QvqdY2+Q36L5u38WSM=
0,11,MVky1mppCthLT8o8Jl1Vx8++3Lk=,EAPOT0ZAIqQOy+iCbldzO9nj7WY=
0,9,MVky1mppCthLT8o8Jl1Vx8++3Lk=,OnKE/jXJT61ywqPsRTglQ0QfD2s=
0,7,MVky1mppCthLT8o8Jl1Vx8++3Lk=,OilEMR0j8Jj5mJY8GM29s+iY4+M=
0,12,MVky1mppCthLT8o8Jl1Vx8++3Lk=,sZs0oFZPZ7HCVx7PoBWWaDfhRfg=
1,5,MVky1mppCthLT8o8Jl1Vx8++3Lk=,7lm8d3vy4QvqdY2+Q36L5u38WSM=
0,10,MVky1mppCthLT8o8Jl1Vx8++3Lk=,EAPOT0ZAIqQOy+iCbldzO9nj7WY=
1,7,MVky1mppCthLT8o8Jl1Vx8++3Lk=,OilEMR0j8Jj5mJY8GM29s+iY4+M=
1,8,lBLT0zSGodyBAwvFIPEwPjIZEoY=,OnKE/jXJT61ywqPsRTglQ0QfD2s=
1,6,lBLT0zSGodyBAwvFIPEwPjIZEoY=,OilEMR0j8Jj5mJY8GM29s+iY4+M=
0,8,lBLT0zSGodyBAwvFIPEwPjIZEoY=,OnKE/jXJT61ywqPsRTglQ0QfD2s=
2,7,lBLT0zSGodyBAwvFIPEwPjIZEoY=,mRoTH0n0JFkhu9f7Jbe82ybNaw4=
2,6,lBLT0zSGodyBAwvFIPEwPjIZEoY=,mRoTH0n0JFkhu9f7Jbe82ybNaw4=
2,8,lBLT0zSGodyBAwvFIPEwPjIZEoY=,P/1cq+eUQBcIGk2N4YuK+b6FYZc=
2,5,lBLT0zSGodyBAwvFIPEwPjIZEoY=,wmM3l0nppquMcGOZpvRBlXK4KvA=
3,7,lBLT0zSGodyBAwvFIPEwPjIZEoY=,mRoTH0n0JFkhu9f7Jbe82ybNaw4=
4,7,lBLT0zSGodyBAwvFIPEwPjIZEoY=,nC2H7P1aojlMmBA/BFyyEp0it7w=
3,8,lBLT0zSGodyBAwvFIPEwPjIZEoY=,P/1cq+eUQBcIGk2N4YuK+b6FYZc=
4,8,rNzmVGpU2DqJ2OTwxJTVOkdtbPg=,GOZCFb98ZF40QZTuHlsv5h9q9/M=
3,11,rNzmVGpU2DqJ2OTwxJTVOkdtbPg=,xyLibRyJn8pTS2zZNoFqzQb5/a0=
3,12,rNzmVGpU2DqJ2OTwxJTVOkdtbPg=,AqWQ0RcuFdM+ceKFGa1jXgk8Ac8=
6,11,rNzmVGpU2DqJ2OTwxJTVOkdtbPg=,nPbvC/aKT/ygpI5rYp8PEMQ0+LQ=
2,12,rNzmVGpU2DqJ2OTwxJTVOkdtbPg=,AqWQ0RcuFdM+ceKFGa1jXgk8Ac8=
2,9,rNzmVGpU2DqJ2OTwxJTVOkdtbPg=,P/1cq+eUQBcIGk2N4YuK+b6FYZc=
7,12,rNzmVGpU2DqJ2OTwxJTVOkdtbPg=,PGth5lNb8VEVv37yKYluNHI/3qc=
6,12,rNzmVGpU2DqJ2OTwxJTVOkdtbPg=,PGth5lNb8VEVv37yKYluNHI/3qc=
5,12,rNzmVGpU2DqJ2OTwxJTVOkdtbPg=,3x0FrGCd2LDtN4+wdMp7ZfFUQdk=
3,10,rNzmVGpU2DqJ2OTwxJTVOkdtbPg=,xyLibRyJn8pTS2zZNoFqzQb5/a0=
8,12,rNzmVGpU2DqJ2OTwxJTVOkdtbPg=,jXE3TzT4FkCS+ZC4Rki371Dptm0=
5,11,rNzmVGpU2DqJ2OTwxJTVOkdtbPg=,ron9HyqjSXrCUIkUsHx3GEgzK+Q=
4,9,rNzmVGpU2DqJ2OTwxJTVOkdtbPg=,GOZCFb98ZF40QZTuHlsv5h9q9/M=
7,11,rNzmVGpU2DqJ2OTwxJTVOkdtbPg=,nPbvC/aKT/ygpI5rYp8PEMQ0+LQ=
7,9,rNzmVGpU2DqJ2OTwxJTVOkdtbPg=,ZGWb1vLjlBVXV8v5WvFc3VCe2is=
4,10,rNzmVGpU2DqJ2OTwxJTVOkdtbPg=,ron9HyqjSXrCUIkUsHx3GEgzK+Q=
6,9,rNzmVGpU2DqJ2OTwxJTVOkdtbPg=,ZGWb1vLjlBVXV8v5WvFc3VCe2is=
1,11,rNzmVGpU2DqJ2OTwxJTVOkdtbPg=,EAPOT0ZAIqQOy+iCbldzO9nj7WY=
8,11,rNzmVGpU2DqJ2OTwxJTVOkdtbPg=,7vHucywoD8G1qLtAmGbJxv0QiIU=
6,7,H1fr2vHTTy2MWA3bljU0gVqa75s=,wgV6NDXbQTlE18Rjs3rZrBfp4Q8=
5,9,H1fr2vHTTy2MWA3bljU0gVqa75s=,GOZCFb98ZF40QZTuHlsv5h9q9/M=
3,9,H1fr2vHTTy2MWA3bljU0gVqa75s=,P/1cq+eUQBcIGk2N4YuK+b6FYZc=
5,7,H1fr2vHTTy2MWA3bljU0gVqa75s=,nC2H7P1aojlMmBA/BFyyEp0it7w=
7,10,H1fr2vHTTy2MWA3bljU0gVqa75s=,nPbvC/aKT/ygpI5rYp8PEMQ0+LQ=
1,9,H1fr2vHTTy2MWA3bljU0gVqa75s=,OnKE/jXJT61ywqPsRTglQ0QfD2s=
6,8,H1fr2vHTTy2MWA3bljU0gVqa75s=,ZGWb1vLjlBVXV8v5WvFc3VCe2is=
4,12,H1fr2vHTTy2MWA3bljU0gVqa75s=,3x0FrGCd2LDtN4+wdMp7ZfFUQdk=
5,8,H1fr2vHTTy2MWA3bljU0gVqa75s=,GOZCFb98ZF40QZTuHlsv5h9q9/M=
6,10,H1fr2vHTTy2MWA3bljU0gVqa75s=,nPbvC/aKT/ygpI5rYp8PEMQ0+LQ=
7,7,H1fr2vHTTy2MWA3bljU0gVqa75s=,wgV6NDXbQTlE18Rjs3rZrBfp4Q8=
1,12,H1fr2vHTTy2MWA3bljU0gVqa75s=,sZs0oFZPZ7HCVx7PoBWWaDfhRfg=
1,10,H1fr2vHTTy2MWA3bljU0gVqa75s=,EAPOT0ZAIqQOy+iCbldzO9nj7WY=
8,9,H1fr2vHTTy2MWA3bljU0gVqa75s=,GeYLK3YYHixMLN0TsAUs9PBYT0c=
7,8,H1fr2vHTTy2MWA3bljU0gVqa75s=,ZGWb1vLjlBVXV8v5WvFc3VCe2is=
8,8,H1fr2vHTTy2MWA3bljU0gVqa75s=,GeYLK3YYHixMLN0TsAUs9PBYT0c=
2,10,H1fr2vHTTy2MWA3bljU0gVqa75s=,xyLibRyJn8pTS2zZNoFqzQb5/a0=
8,10,H1fr2vHTTy2MWA3bljU0gVqa75s=,7vHucywoD8G1qLtAmGbJxv0QiIU=
5,10,H1fr2vHTTy2MWA3bljU0gVqa75s=,ron9HyqjSXrCUIkUsHx3GEgzK+Q=
8,7,H1fr2vHTTy2MWA3bljU0gVqa75s=,C8iQqhGPAET5UE+tSWdHFUb7+DA=
2,11,H1fr2vHTTy2MWA3bljU0gVqa75s=,xyLibRyJn8pTS2zZNoFqzQb5/a0=
4,11,H1fr2vHTTy2MWA3bljU0gVqa75s=,ron9HyqjSXrCUIkUsHx3GEgzK+Q=
13,3,liQUq1Zh5Z+UFaX96ngV8H6AX3I=,RoUC6lXmNBG/Nd9AL8hq7N+prLk=
14,2,liQUq1Zh5Z+UFaX96ngV8H6AX3I=,TB+PM2tFKoVEHQ6eI+ScYbnzUms=
10,3,liQUq1Zh5Z+UFaX96ngV8H6AX3I=,SAIfR5yJPo6Qm8zU13W92LSfSEg=
14,1,liQUq1Zh5Z+UFaX96ngV8H6AX3I=,b1/0PeTKbYKiZ0iWQDcduYWi3RE=
10,2,liQUq1Zh5Z+UFaX96ngV8H6AX3I=,SAIfR5yJPo6Qm8zU13W92LSfSEg=
13,4,liQUq1Zh5Z+UFaX96ngV8H6AX3I=,LWzLphGkDyhW/vXRQPKCSOwTNlI=
11,1,liQUq1Zh5Z+UFaX96ngV8H6AX3I=,z9nh4vB9vDN+Hsqk3HYQtiM/Hts=
14,3,liQUq1Zh5Z+UFaX96ngV8H6AX3I=,TB+PM2tFKoVEHQ6eI+ScYbnzUms=
12,5,liQUq1Zh5Z+UFaX96ngV8H6AX3I=,LWzLphGkDyhW/vXRQPKCSOwTNlI=
10,7,liQUq1Zh5Z+UFaX96ngV8H6AX3I=,Meb2SA6UVAKM3xLHN/aIrMbwO+4=
10,1,liQUq1Zh5Z+UFaX96ngV8H6AX3I=,z9nh4vB9vDN+Hsqk3HYQtiM/Hts=
13,2,ORJRDJrZImiXxdKJh/pJyYBQZi4=,RoUC6lXmNBG/Nd9AL8hq7N+prLk=
10,6,ORJRDJrZImiXxdKJh/pJyYBQZi4=,Meb2SA6UVAKM3xLHN/aIrMbwO+4=
11,8,ORJRDJrZImiXxdKJh/pJyYBQZi4=,vyaXDes4JfeE0zfIWvU2E3de0ZU=
13,1,ORJRDJrZImiXxdKJh/pJyYBQZi4=,GxjGi6GIccMTrVrOizRlXQEoUhU=
12,3,ORJRDJrZImiXxdKJh/pJyYBQZi4=,RoUC6lXmNBG/Nd9AL8hq7N+prLk=
9,6,ORJRDJrZImiXxdKJh/pJyYBQZi4=,C8iQqhGPAET5UE+tSWdHFUb7+DA=
12,7,ORJRDJrZImiXxdKJh/pJyYBQZi4=,t6PpNO/rswSU1g5afW32ZGEzHe8=
14,4,ORJRDJrZImiXxdKJh/pJyYBQZi4=,7cH+JR9r6JUv7TjhvYjnb0P4nFU=
12,1,ORJRDJrZImiXxdKJh/pJyYBQZi4=,GxjGi6GIccMTrVrOizRlXQEoUhU=
12,6,ORJRDJrZImiXxdKJh/pJyYBQZi4=,t6PpNO/rswSU1g5afW32ZGEzHe8=
12,4,ORJRDJrZImiXxdKJh/pJyYBQZi4=,LWzLphGkDyhW/vXRQPKCSOwTNlI=
10,8,ORJRDJrZImiXxdKJh/pJyYBQZi4=,vyaXDes4JfeE0zfIWvU2E3de0ZU=
9,5,ORJRDJrZImiXxdKJh/pJyYBQZi4=,RyVzsexj5D3boCpz0/6Zf0U4+u0=
9,8,ORJRDJrZImiXxdKJh/pJyYBQZi4=,GeYLK3YYHixMLN0TsAUs9PBYT0c=
11,2,ORJRDJrZImiXxdKJh/pJyYBQZi4=,SAIfR5yJPo6Qm8zU13W92LSfSEg=
12,2,ORJRDJrZImiXxdKJh/pJyYBQZi4=,RoUC6lXmNBG/Nd9AL8hq7N+prLk=
9,7,ORJRDJrZImiXxdKJh/pJyYBQZi4=,C8iQqhGPAET5UE+tSWdHFUb7+DA=
10,9,ORJRDJrZImiXxdKJh/pJyYBQZi4=,vyaXDes4JfeE0zfIWvU2E3de0ZU=
11,5,ORJRDJrZImiXxdKJh/pJyYBQZi4=,iR75IHh8Z/J56uUtro6yliybdtY=
10,5,ORJRDJrZImiXxdKJh/pJyYBQZi4=,iR75IHh8Z/J56uUtro6yliybdtY=
12,8,ORJRDJrZImiXxdKJh/pJyYBQZi4=,e3M2YOGfzAPQTXHPOoPXwaaJ+Ck=
11,12,ORJRDJrZImiXxdKJh/pJyYBQZi4=,L5Mi/j48nFdVi0m5FccB3gox2gw=
9,3,ORJRDJrZImiXxdKJh/pJyYBQZi4=,2tn1p3CF4W7exlwkxxFFF9+A9Cc=
11,3,ORJRDJrZImiXxdKJh/pJyYBQZi4=,SAIfR5yJPo6Qm8zU13W92LSfSEg=
11,6,ORJRDJrZImiXxdKJh/pJyYBQZi4=,Meb2SA6UVAKM3xLHN/aIrMbwO+4=
11,7,ORJRDJrZImiXxdKJh/pJyYBQZi4=,Meb2SA6UVAKM3xLHN/aIrMbwO+4=
11,9,ORJRDJrZImiXxdKJh/pJyYBQZi4=,vyaXDes4JfeE0zfIWvU2E3de0ZU=
11,11,ORJRDJrZImiXxdKJh/pJyYBQZi4=,GbcWdRixKVeXzsHj/QD/wV4dgRE=
11,4,ORJRDJrZImiXxdKJh/pJyYBQZi4=,iR75IHh8Z/J56uUtro6yliybdtY=
9,2,ORJRDJrZImiXxdKJh/pJyYBQZi4=,2tn1p3CF4W7exlwkxxFFF9+A9Cc=
10,12,ORJRDJrZImiXxdKJh/pJyYBQZi4=,L5Mi/j48nFdVi0m5FccB3gox2gw=
10,11,ORJRDJrZImiXxdKJh/pJyYBQZi4=,GbcWdRixKVeXzsHj/QD/wV4dgRE=
9,4,ORJRDJrZImiXxdKJh/pJyYBQZi4=,RyVzsexj5D3boCpz0/6Zf0U4+u0=
9,11,Bw9uSeb6m852qgt5Z7z+b4zviMw=,7vHucywoD8G1qLtAmGbJxv0QiIU=
4,1,Bw9uSeb6m852qgt5Z7z+b4zviMw=,RoUC6lXmNBG/Nd9AL8hq7N+prLk=
10,4,Bw9uSeb6m852qgt5Z7z+b4zviMw=,iR75IHh8Z/J56uUtro6yliybdtY=
3,4,Bw9uSeb6m852qgt5Z7z+b4zviMw=,wmM3l0nppquMcGOZpvRBlXK4KvA=
3,2,Bw9uSeb6m852qgt5Z7z+b4zviMw=,VItCOlhgvmSMEqZdLT3DKzu7LLo=
11,10,Bw9uSeb6m852qgt5Z7z+b4zviMw=,GbcWdRixKVeXzsHj/QD/wV4dgRE=
3,3,Bw9uSeb6m852qgt5Z7z+b4zviMw=,VItCOlhgvmSMEqZdLT3DKzu7LLo=
3,1,Bw9uSeb6m852qgt5Z7z+b4zviMw=,JhdWkzmjoY5jyS1do80ZnWt87gc=
9,1,Bw9uSeb6m852qgt5Z7z+b4zviMw=,3shMGEJW6yY4ie0rZOHr+UBMKfI=
12,10,Bw9uSeb6m852qgt5Z7z+b4zviMw=,VopkDUjPt8rtysIarCc5/Ya1NSI=
4,2,Bw9uSeb6m852qgt5Z7z+b4zviMw=,B5bUncqeDh0vR8QjXjNMLFtyyJQ=
9,12,Bw9uSeb6m852qgt5Z7z+b4zviMw=,jXE3TzT4FkCS+ZC4Rki371Dptm0=
4,3,Bw9uSeb6m852qgt5Z7z+b4zviMw=,B5bUncqeDh0vR8QjXjNMLFtyyJQ=
12,12,Bw9uSeb6m852qgt5Z7z+b4zviMw=,kZIDx1qhi3SQCsLhj6LyZt25or4=
4,5,Bw9uSeb6m852qgt5Z7z+b4zviMw=,JueAUSurwBo0PmJdW3l+QsaCXoQ=
4,4,Bw9uSeb6m852qgt5Z7z+b4zviMw=,JueAUSurwBo0PmJdW3l+QsaCXoQ=
9,10,Bw9uSeb6m852qgt5Z7z+b4zviMw=,7vHucywoD8G1qLtAmGbJxv0QiIU=
12,9,Bw9uSeb6m852qgt5Z7z+b4zviMw=,e3M2YOGfzAPQTXHPOoPXwaaJ+Ck=
4,6,Bw9uSeb6m852qgt5Z7z+b4zviMw=,nC2H7P1aojlMmBA/BFyyEp0it7w=
9,9,Bw9uSeb6m852qgt5Z7z+b4zviMw=,GeYLK3YYHixMLN0TsAUs9PBYT0c=
3,6,Bw9uSeb6m852qgt5Z7z+b4zviMw=,mRoTH0n0JFkhu9f7Jbe82ybNaw4=
10,10,Bw9uSeb6m852qgt5Z7z+b4zviMw=,GbcWdRixKVeXzsHj/QD/wV4dgRE=
8,1,Bw9uSeb6m852qgt5Z7z+b4zviMw=,3shMGEJW6yY4ie0rZOHr+UBMKfI=
12,11,Bw9uSeb6m852qgt5Z7z+b4zviMw=,VopkDUjPt8rtysIarCc5/Ya1NSI=
3,5,Bw9uSeb6m852qgt5Z7z+b4zviMw=,wmM3l0nppquMcGOZpvRBlXK4KvA=
6,4,Bw9uSeb6m852qgt5Z7z+b4zviMw=,xyLibRyJn8pTS2zZNoFqzQb5/a0=
8,2,Bw9uSeb6m852qgt5Z7z+b4zviMw=,2tn1p3CF4W7exlwkxxFFF9+A9Cc=
7,5,Bw9uSeb6m852qgt5Z7z+b4zviMw=,xyLibRyJn8pTS2zZNoFqzQb5/a0=
5,1,c2XBFYnusrMxv6CBZwppMEozZiY=,RoUC6lXmNBG/Nd9AL8hq7N+prLk=
6,5,c2XBFYnusrMxv6CBZwppMEozZiY=,xyLibRyJn8pTS2zZNoFqzQb5/a0=
5,2,c2XBFYnusrMxv6CBZwppMEozZiY=,B5bUncqeDh0vR8QjXjNMLFtyyJQ=
7,4,c2XBFYnusrMxv6CBZwppMEozZiY=,xyLibRyJn8pTS2zZNoFqzQb5/a0=
5,3,c2XBFYnusrMxv6CBZwppMEozZiY=,B5bUncqeDh0vR8QjXjNMLFtyyJQ=
6,2,c2XBFYnusrMxv6CBZwppMEozZiY=,AcKmalmhFdZWWrVcBzxK8TQQw4A=
7,1,c2XBFYnusrMxv6CBZwppMEozZiY=,BFQghk3KpMBHPWRUzHxWJUxkRdA=
7,6,c2XBFYnusrMxv6CBZwppMEozZiY=,wgV6NDXbQTlE18Rjs3rZrBfp4Q8=
8,6,c2XBFYnusrMxv6CBZwppMEozZiY=,C8iQqhGPAET5UE+tSWdHFUb7+DA=
6,1,c2XBFYnusrMxv6CBZwppMEozZiY=,BFQghk3KpMBHPWRUzHxWJUxkRdA=
5,5,c2XBFYnusrMxv6CBZwppMEozZiY=,JueAUSurwBo0PmJdW3l+QsaCXoQ=
7,2,c2XBFYnusrMxv6CBZwppMEozZiY=,AcKmalmhFdZWWrVcBzxK8TQQw4A=
8,3,c2XBFYnusrMxv6CBZwppMEozZiY=,2tn1p3CF4W7exlwkxxFFF9+A9Cc=
5,6,c2XBFYnusrMxv6CBZwppMEozZiY=,nC2H7P1aojlMmBA/BFyyEp0it7w=
8,5,c2XBFYnusrMxv6CBZwppMEozZiY=,RyVzsexj5D3boCpz0/6Zf0U4+u0=
5,4,c2XBFYnusrMxv6CBZwppMEozZiY=,JueAUSurwBo0PmJdW3l+QsaCXoQ=
8,4,c2XBFYnusrMxv6CBZwppMEozZiY=,RyVzsexj5D3boCpz0/6Zf0U4+u0=
6,6,c2XBFYnusrMxv6CBZwppMEozZiY=,wgV6NDXbQTlE18Rjs3rZrBfp4Q8=
7,3,c2XBFYnusrMxv6CBZwppMEozZiY=,AcKmalmhFdZWWrVcBzxK8TQQw4A=
6,3,c2XBFYnusrMxv6CBZwppMEozZiY=,AcKmalmhFdZWWrVcBzxK8TQQw4A=
